信息: 已另存为 "three-scenes-production-studies.blend"
PROCESS_RENDER_START studio-stage-1
Blender 4.5.10 LTS (hash 6dc0b208d1b5 built 2026-05-19 01:33:42)
Fra:1 Mem:106.17M (Peak 106.17M) | Time:00:00.07 | Mem:0.00M, Peak:0.00M | STUDIO / 01 / Occupancy blocks, 视图层 | Synchronizing object | Soft fill
Fra:1 Mem:106.18M (Peak 106.18M) | Time:00:00.07 | Mem:0.00M, Peak:0.00M | STUDIO / 01 / Occupancy blocks, 视图层 | Synchronizing object | Desk
Fra:1 Mem:106.18M (Peak 106.18M) | Time:00:00.07 | Mem:0.00M, Peak:0.00M | STUDIO / 01 / Occupancy blocks, 视图层 | Synchronizing object | Chair
Fra:1 Mem:106.18M (Peak 106.18M) | Time:00:00.07 | Mem:0.00M, Peak:0.00M | STUDIO / 01 / Occupancy blocks, 视图层 | Synchronizing object | Bookcase
Fra:1 Mem:106.18M (Peak 106.18M) | Time:00:00.07 | Mem:0.00M, Peak:0.00M | STUDIO / 01 / Occupancy blocks, 视图层 | Synchronizing object | Sofa
Fra:1 Mem:106.18M (Peak 106.18M) | Time:00:00.07 | Mem:0.00M, Peak:0.00M | STUDIO / 01 / Occupancy blocks, 视图层 | Synchronizing object | Floor lamp
Fra:1 Mem:106.18M (Peak 106.18M) | Time:00:00.07 | Mem:0.00M, Peak:0.00M | STUDIO / 01 / Occupancy blocks, 视图层 | Synchronizing object | Plant stand
Fra:1 Mem:106.18M (Peak 106.18M) | Time:00:00.07 | Mem:0.00M, Peak:0.00M | STUDIO / 01 / Occupancy blocks, 视图层 | Synchronizing object | Evidence board
帧:1 内存:106.18M (峰值 106.18M) | 时间:00:00.07 | Mem:0.00M, Peak:0.00M | STUDIO / 01 / Occupancy blocks, 视图层 | Synchronizing object | Rug
Fra:1 Mem:106.19M (Peak 106.19M) | Time:00:00.07 | Mem:0.00M, Peak:0.00M | STUDIO / 01 / Occupancy blocks, 视图层 | Synchronizing object | Large studio key
帧:1 内存:106.20M (峰值 106.20M) | 时间:00:00.07 | Mem:0.00M, Peak:0.00M | STUDIO / 01 / Occupancy blocks, 视图层 | Initializing
Fra:1 Mem:105.34M (Peak 106.20M) | Time:00:00.07 | Mem:0.00M, Peak:0.00M | STUDIO / 01 / Occupancy blocks, 视图层 | Waiting for render to start
Fra:1 Mem:105.34M (Peak 106.20M) | Time:00:00.07 | Mem:0.00M, Peak:0.00M | STUDIO / 01 / Occupancy blocks, 视图层 | Updating Scene
Fra:1 Mem:105.34M (Peak 106.20M) | Time:00:00.07 | Mem:0.00M, Peak:0.00M | STUDIO / 01 / Occupancy blocks, 视图层 | Updating Shaders
Fra:1 Mem:105.34M (Peak 106.20M) | Time:00:00.07 | Mem:0.00M, Peak:0.00M | STUDIO / 01 / Occupancy blocks, 视图层 | Loading render kernels (may take a few minutes the first time)
Fra:1 Mem:105.42M (Peak 133.45M) | Time:00:00.15 | Mem:0.00M, Peak:0.00M | STUDIO / 01 / Occupancy blocks, 视图层 | Updating Procedurals
Fra:1 Mem:105.42M (Peak 133.45M) | Time:00:00.15 | Mem:0.00M, Peak:0.00M | STUDIO / 01 / Occupancy blocks, 视图层 | Updating Background
Fra:1 Mem:105.42M (Peak 133.45M) | Time:00:00.15 | Mem:0.00M, Peak:0.00M | STUDIO / 01 / Occupancy blocks, 视图层 | Updating Camera
Fra:1 Mem:105.42M (Peak 133.45M) | Time:00:00.15 | Mem:0.00M, Peak:0.00M | STUDIO / 01 / Occupancy blocks, 视图层 | Updating Meshes Flags
Fra:1 Mem:105.42M (Peak 133.45M) | Time:00:00.15 | Mem:0.00M, Peak:0.00M | STUDIO / 01 / Occupancy blocks, 视图层 | Updating Objects
Fra:1 Mem:105.42M (Peak 133.45M) | Time:00:00.15 | Mem:0.00M, Peak:0.00M | STUDIO / 01 / Occupancy blocks, 视图层 | Updating Objects | Copying Transformations to device
Fra:1 Mem:105.43M (Peak 133.45M) | Time:00:00.15 | Mem:0.01M, Peak:0.01M | STUDIO / 01 / Occupancy blocks, 视图层 | Updating Particle Systems
Fra:1 Mem:105.43M (Peak 133.45M) | Time:00:00.15 | Mem:0.01M, Peak:0.01M | STUDIO / 01 / Occupancy blocks, 视图层 | Updating Particle Systems | Copying Particles to device
Fra:1 Mem:105.43M (Peak 133.45M) | Time:00:00.15 | Mem:0.01M, Peak:0.01M | STUDIO / 01 / Occupancy blocks, 视图层 | Updating Meshes
Fra:1 Mem:105.43M (Peak 133.45M) | Time:00:00.15 | Mem:0.01M, Peak:0.01M | STUDIO / 01 / Occupancy blocks, 视图层 | Updating Objects | Applying Static Transformations
Fra:1 Mem:105.43M (Peak 133.45M) | Time:00:00.15 | Mem:0.01M, Peak:0.01M | STUDIO / 01 / Occupancy blocks, 视图层 | Updating Mesh | Computing attributes
Fra:1 Mem:105.43M (Peak 133.45M) | Time:00:00.15 | Mem:0.01M, Peak:0.01M | STUDIO / 01 / Occupancy blocks, 视图层 | Updating Mesh | Copying Attributes to device
Fra:1 Mem:105.43M (Peak 133.45M) | Time:00:00.15 | Mem:0.01M, Peak:0.01M | STUDIO / 01 / Occupancy blocks, 视图层 | Updating Scene BVH | Building
Fra:1 Mem:105.43M (Peak 133.45M) | Time:00:00.15 | Mem:0.01M, Peak:0.01M | STUDIO / 01 / Occupancy blocks, 视图层 | Updating Scene BVH | Building BVH
Fra:1 Mem:105.45M (Peak 133.45M) | Time:00:00.15 | Mem:0.01M, Peak:0.01M | STUDIO / 01 / Occupancy blocks, 视图层 | Updating Scene BVH | Packing BVH triangles and strands
Fra:1 Mem:105.45M (Peak 133.45M) | Time:00:00.15 | Mem:0.01M, Peak:0.01M | STUDIO / 01 / Occupancy blocks, 视图层 | Updating Scene BVH | Packing BVH nodes
Fra:1 Mem:105.45M (Peak 133.45M) | Time:00:00.15 | Mem:0.01M, Peak:0.01M | STUDIO / 01 / Occupancy blocks, 视图层 | Updating Scene BVH | Copying BVH to device
Fra:1 Mem:105.45M (Peak 133.45M) | Time:00:00.15 | Mem:0.02M, Peak:0.02M | STUDIO / 01 / Occupancy blocks, 视图层 | Updating Mesh | Computing normals
Fra:1 Mem:105.45M (Peak 133.45M) | Time:00:00.15 | Mem:0.02M, Peak:0.02M | STUDIO / 01 / Occupancy blocks, 视图层 | Updating Mesh | Copying Mesh to device
Fra:1 Mem:105.45M (Peak 133.45M) | Time:00:00.15 | Mem:0.02M, Peak:0.02M | STUDIO / 01 / Occupancy blocks, 视图层 | Updating Objects Flags
Fra:1 Mem:105.45M (Peak 133.45M) | Time:00:00.15 | Mem:0.03M, Peak:0.03M | STUDIO / 01 / Occupancy blocks, 视图层 | Updating Primitive Offsets
Fra:1 Mem:105.45M (Peak 133.45M) | Time:00:00.15 | Mem:0.03M, Peak:0.03M | STUDIO / 01 / Occupancy blocks, 视图层 | Updating Images
Fra:1 Mem:105.45M (Peak 133.45M) | Time:00:00.15 | Mem:0.03M, Peak:0.03M | STUDIO / 01 / Occupancy blocks, 视图层 | Updating Camera Volume
Fra:1 Mem:105.45M (Peak 133.45M) | Time:00:00.15 | Mem:0.03M, Peak:0.03M | STUDIO / 01 / Occupancy blocks, 视图层 | Updating Lookup Tables
Fra:1 Mem:105.45M (Peak 133.45M) | Time:00:00.15 | Mem:0.11M, Peak:0.11M | STUDIO / 01 / Occupancy blocks, 视图层 | Updating Lights
Fra:1 Mem:105.45M (Peak 133.45M) | Time:00:00.15 | Mem:0.11M, Peak:0.11M | STUDIO / 01 / Occupancy blocks, 视图层 | Updating Lights | Computing tree
Fra:1 Mem:105.45M (Peak 133.45M) | Time:00:00.15 | Mem:0.11M, Peak:0.11M | STUDIO / 01 / Occupancy blocks, 视图层 | Updating Integrator
Fra:1 Mem:105.45M (Peak 133.45M) | Time:00:00.15 | Mem:0.11M, Peak:0.11M | STUDIO / 01 / Occupancy blocks, 视图层 | Updating Film
Fra:1 Mem:105.46M (Peak 133.45M) | Time:00:00.15 | Mem:0.03M, Peak:0.11M | STUDIO / 01 / Occupancy blocks, 视图层 | Updating Lookup Tables
Fra:1 Mem:105.46M (Peak 133.45M) | Time:00:00.15 | Mem:0.11M, Peak:0.11M | STUDIO / 01 / Occupancy blocks, 视图层 | Updating Baking
Fra:1 Mem:105.46M (Peak 133.45M) | Time:00:00.15 | Mem:0.11M, Peak:0.11M | STUDIO / 01 / Occupancy blocks, 视图层 | Updating Device | Writing constant memory
Fra:1 Mem:105.46M (Peak 133.45M) | Time:00:00.15 | Mem:0.11M, Peak:0.11M | STUDIO / 01 / Occupancy blocks, 视图层 | Loading denoising kernels (may take a few minutes the first time)
Fra:1 Mem:113.15M (Peak 133.45M) | Time:00:00.17 | Mem:676.61M, Peak:676.61M | STUDIO / 01 / Occupancy blocks, 视图层 | Sample 0/40
Fra:1 Mem:178.39M (Peak 178.39M) | Time:00:00.18 | Remaining:00:00.62 | Mem:741.85M, Peak:741.85M | STUDIO / 01 / Occupancy blocks, 视图层 | Sample 1/40
Fra:1 Mem:205.86M (Peak 247.06M) | Time:00:01.62 | Mem:741.85M, Peak:741.85M | STUDIO / 01 / Occupancy blocks, 视图层 | Sample 40/40
Fra:1 Mem:205.86M (Peak 247.06M) | Time:00:01.62 | Mem:741.85M, Peak:741.85M | STUDIO / 01 / Occupancy blocks, 视图层 | Finished
Saved: 'E:\GodotProject\悬疑建造\design\presentation\process\renders\studio-stage-1.png'
Time: 00:01.80 (Saving: 00:00.11)

PROCESS_RENDER_DONE studio-stage-1
PROCESS_RENDER_START studio-stage-2
Fra:1 Mem:137.65M (Peak 137.65M) | Time:00:00.06 | Mem:0.00M, Peak:0.00M | STUDIO / 02 / Form and structure, 视图层 | Synchronizing object | Large studio key.001
Fra:1 Mem:137.65M (Peak 137.65M) | Time:00:00.06 | Mem:0.00M, Peak:0.00M | STUDIO / 02 / Form and structure, 视图层 | Synchronizing object | Room floor.001
Fra:1 Mem:137.65M (Peak 137.65M) | Time:00:00.06 | Mem:0.00M, Peak:0.00M | STUDIO / 02 / Form and structure, 视图层 | Synchronizing object | Side wall lower
Fra:1 Mem:137.65M (Peak 137.65M) | Time:00:00.06 | Mem:0.00M, Peak:0.00M | STUDIO / 02 / Form and structure, 视图层 | Synchronizing object | Window pier
Fra:1 Mem:137.65M (Peak 137.65M) | Time:00:00.06 | Mem:0.00M, Peak:0.00M | STUDIO / 02 / Form and structure, 视图层 | Synchronizing object | Window pane
Fra:1 Mem:139.67M (Peak 139.67M) | Time:00:00.06 | Mem:0.00M, Peak:0.00M | STUDIO / 02 / Form and structure, 视图层 | Synchronizing object | Window mullion
Fra:1 Mem:139.67M (Peak 139.67M) | Time:00:00.06 | Mem:0.00M, Peak:0.00M | STUDIO / 02 / Form and structure, 视图层 | Synchronizing object | Window crossbar
Fra:1 Mem:139.67M (Peak 139.67M) | Time:00:00.06 | Mem:0.00M, Peak:0.00M | STUDIO / 02 / Form and structure, 视图层 | Synchronizing object | Window crossbar.002
Fra:1 Mem:139.68M (Peak 139.68M) | Time:00:00.06 | Mem:0.00M, Peak:0.00M | STUDIO / 02 / Form and structure, 视图层 | Synchronizing object | Window sill
Fra:1 Mem:139.68M (Peak 139.68M) | Time:00:00.06 | Mem:0.00M, Peak:0.00M | STUDIO / 02 / Form and structure, 视图层 | Synchronizing object | Worktop
Fra:1 Mem:139.68M (Peak 139.68M) | Time:00:00.06 | Mem:0.00M, Peak:0.00M | STUDIO / 02 / Form and structure, 视图层 | Synchronizing object | Desk pedestal
Fra:1 Mem:139.69M (Peak 139.69M) | Time:00:00.06 | Mem:0.00M, Peak:0.00M | STUDIO / 02 / Form and structure, 视图层 | Synchronizing object | Drawer front
Fra:1 Mem:139.70M (Peak 139.70M) | Time:00:00.06 | Mem:0.00M, Peak:0.00M | STUDIO / 02 / Form and structure, 视图层 | Synchronizing object | Drawer front.001
Fra:1 Mem:139.70M (Peak 139.70M) | Time:00:00.06 | Mem:0.00M, Peak:0.00M | STUDIO / 02 / Form and structure, 视图层 | Synchronizing object | Drawer front.004
Fra:1 Mem:139.71M (Peak 139.71M) | Time:00:00.06 | Mem:0.00M, Peak:0.00M | STUDIO / 02 / Form and structure, 视图层 | Synchronizing object | Drawer front.005
Fra:1 Mem:139.77M (Peak 139.77M) | Time:00:00.06 | Mem:0.00M, Peak:0.00M | STUDIO / 02 / Form and structure, 视图层 | Synchronizing object | Monitor housing
Fra:1 Mem:139.78M (Peak 139.78M) | Time:00:00.06 | Mem:0.00M, Peak:0.00M | STUDIO / 02 / Form and structure, 视图层 | Synchronizing object | Blank screen
Fra:1 Mem:139.80M (Peak 139.80M) | Time:00:00.06 | Mem:0.00M, Peak:0.00M | STUDIO / 02 / Form and structure, 视图层 | Synchronizing object | Screen stand
Fra:1 Mem:139.81M (Peak 139.81M) | Time:00:00.06 | Mem:0.00M, Peak:0.00M | STUDIO / 02 / Form and structure, 视图层 | Synchronizing object | Screen base
Fra:1 Mem:139.84M (Peak 139.84M) | Time:00:00.06 | Mem:0.00M, Peak:0.00M | STUDIO / 02 / Form and structure, 视图层 | Synchronizing object | Keyboard
Fra:1 Mem:139.85M (Peak 139.85M) | Time:00:00.06 | Mem:0.00M, Peak:0.00M | STUDIO / 02 / Form and structure, 视图层 | Synchronizing object | Office chair seat
Fra:1 Mem:139.87M (Peak 139.87M) | Time:00:00.06 | Mem:0.00M, Peak:0.00M | STUDIO / 02 / Form and structure, 视图层 | Synchronizing object | Office chair back
Fra:1 Mem:139.88M (Peak 139.88M) | Time:00:00.06 | Mem:0.00M, Peak:0.00M | STUDIO / 02 / Form and structure, 视图层 | Synchronizing object | Chair stem
Fra:1 Mem:139.93M (Peak 139.93M) | Time:00:00.06 | Mem:0.00M, Peak:0.00M | STUDIO / 02 / Form and structure, 视图层 | Synchronizing object | Chair foot
Fra:1 Mem:139.92M (Peak 139.93M) | Time:00:00.06 | Mem:0.00M, Peak:0.00M | STUDIO / 02 / Form and structure, 视图层 | Synchronizing object | Chair foot.001
Fra:1 Mem:139.99M (Peak 139.99M) | Time:00:00.06 | Mem:0.00M, Peak:0.00M | STUDIO / 02 / Form and structure, 视图层 | Synchronizing object | Chair foot.002
Fra:1 Mem:140.02M (Peak 140.02M) | Time:00:00.06 | Mem:0.00M, Peak:0.00M | STUDIO / 02 / Form and structure, 视图层 | Synchronizing object | Chair foot.003
帧:1 内存:140.08M (峰值 140.08M) | 时间:00:00.06 | Mem:0.00M, Peak:0.00M | STUDIO / 02 / Form and structure, 视图层 | Synchronizing object | Foliage mass.001
Fra:1 Mem:140.06M (Peak 140.08M) | Time:00:00.06 | Mem:0.00M, Peak:0.00M | STUDIO / 02 / Form and structure, 视图层 | Synchronizing object | Chair foot.004
帧:1 内存:140.12M (峰值 140.12M) | 时间:00:00.06 | Mem:0.00M, Peak:0.00M | STUDIO / 02 / Form and structure, 视图层 | Synchronizing object | Plant pot.001
Fra:1 Mem:140.14M (Peak 140.14M) | Time:00:00.06 | Mem:0.00M, Peak:0.00M | STUDIO / 02 / Form and structure, 视图层 | Synchronizing object | Shelf back
Fra:1 Mem:140.13M (Peak 140.14M) | Time:00:00.06 | Mem:0.00M, Peak:0.00M | STUDIO / 02 / Form and structure, 视图层 | Synchronizing object | Shelf side
Fra:1 Mem:140.13M (Peak 140.14M) | Time:00:00.06 | Mem:0.00M, Peak:0.00M | STUDIO / 02 / Form and structure, 视图层 | Synchronizing object | Shelf side.001
Fra:1 Mem:140.18M (Peak 140.18M) | Time:00:00.06 | Mem:0.00M, Peak:0.00M | STUDIO / 02 / Form and structure, 视图层 | Synchronizing object | Shelf
Fra:1 Mem:140.21M (Peak 140.21M) | Time:00:00.06 | Mem:0.00M, Peak:0.00M | STUDIO / 02 / Form and structure, 视图层 | Synchronizing object | Shelf.001
Fra:1 Mem:140.21M (Peak 140.21M) | Time:00:00.06 | Mem:0.00M, Peak:0.00M | STUDIO / 02 / Form and structure, 视图层 | Synchronizing object | Shelf.004
Fra:1 Mem:140.24M (Peak 140.24M) | Time:00:00.06 | Mem:0.00M, Peak:0.00M | STUDIO / 02 / Form and structure, 视图层 | Synchronizing object | Cabinet top
Fra:1 Mem:140.33M (Peak 140.33M) | Time:00:00.06 | Mem:0.00M, Peak:0.00M | STUDIO / 02 / Form and structure, 视图层 | Synchronizing object | Cabinet drawer
Fra:1 Mem:140.30M (Peak 140.33M) | Time:00:00.06 | Mem:0.00M, Peak:0.00M | STUDIO / 02 / Form and structure, 视图层 | Synchronizing object | Cabinet drawer.002
Fra:1 Mem:140.28M (Peak 140.33M) | Time:00:00.06 | Mem:0.00M, Peak:0.00M | STUDIO / 02 / Form and structure, 视图层 | Synchronizing object | Scanner lid
Fra:1 Mem:140.30M (Peak 140.33M) | Time:00:00.06 | Mem:0.00M, Peak:0.00M | STUDIO / 02 / Form and structure, 视图层 | Synchronizing object | Shelf side.003
Fra:1 Mem:140.32M (Peak 140.33M) | Time:00:00.06 | Mem:0.00M, Peak:0.00M | STUDIO / 02 / Form and structure, 视图层 | Synchronizing object | Shelf.005
Fra:1 Mem:140.35M (Peak 140.35M) | Time:00:00.06 | Mem:0.00M, Peak:0.00M | STUDIO / 02 / Form and structure, 视图层 | Synchronizing object | Shelf.007
Fra:1 Mem:140.41M (Peak 140.41M) | Time:00:00.06 | Mem:0.00M, Peak:0.00M | STUDIO / 02 / Form and structure, 视图层 | Synchronizing object | Shelf.008
Fra:1 Mem:140.44M (Peak 140.44M) | Time:00:00.06 | Mem:0.00M, Peak:0.00M | STUDIO / 02 / Form and structure, 视图层 | Synchronizing object | Shelf.009
Fra:1 Mem:140.43M (Peak 140.44M) | Time:00:00.06 | Mem:0.00M, Peak:0.00M | STUDIO / 02 / Form and structure, 视图层 | Synchronizing object | Worktop.001
Fra:1 Mem:140.51M (Peak 140.51M) | Time:00:00.06 | Mem:0.00M, Peak:0.00M | STUDIO / 02 / Form and structure, 视图层 | Synchronizing object | Table leg
Fra:1 Mem:140.52M (Peak 140.52M) | Time:00:00.06 | Mem:0.00M, Peak:0.00M | STUDIO / 02 / Form and structure, 视图层 | Synchronizing object | Table leg.001
Fra:1 Mem:140.50M (Peak 140.52M) | Time:00:00.06 | Mem:0.00M, Peak:0.00M | STUDIO / 02 / Form and structure, 视图层 | Synchronizing object | Stool seat
Fra:1 Mem:140.53M (Peak 140.53M) | Time:00:00.06 | Mem:0.00M, Peak:0.00M | STUDIO / 02 / Form and structure, 视图层 | Synchronizing object | Stool column
Fra:1 Mem:140.54M (Peak 140.54M) | Time:00:00.06 | Mem:0.00M, Peak:0.00M | STUDIO / 02 / Form and structure, 视图层 | Synchronizing object | Stool foot
Fra:1 Mem:140.57M (Peak 140.57M) | Time:00:00.06 | Mem:0.00M, Peak:0.00M | STUDIO / 02 / Form and structure, 视图层 | Synchronizing object | Stool foot.001
Fra:1 Mem:140.60M (Peak 140.60M) | Time:00:00.06 | Mem:0.00M, Peak:0.00M | STUDIO / 02 / Form and structure, 视图层 | Synchronizing object | Stool foot.003
Fra:1 Mem:140.70M (Peak 140.70M) | Time:00:00.06 | Mem:0.00M, Peak:0.00M | STUDIO / 02 / Form and structure, 视图层 | Synchronizing object | Blank board
Fra:1 Mem:140.76M (Peak 140.75M) | Time:00:00.06 | Mem:0.00M, Peak:0.00M | STUDIO / 02 / Form and structure, 视图层 | Synchronizing object | Sofa base
Fra:1 Mem:140.72M (Peak 140.75M) | Time:00:00.06 | Mem:0.00M, Peak:0.00M | STUDIO / 02 / Form and structure, 视图层 | Synchronizing object | Sofa back
Fra:1 Mem:140.75M (Peak 140.75M) | Time:00:00.06 | Mem:0.00M, Peak:0.00M | STUDIO / 02 / Form and structure, 视图层 | Synchronizing object | Table leg.004
Fra:1 Mem:140.86M (Peak 140.86M) | Time:00:00.06 | Mem:0.00M, Peak:0.00M | STUDIO / 02 / Form and structure, 视图层 | Synchronizing object | Table leg.006
Fra:1 Mem:140.83M (Peak 140.86M) | Time:00:00.06 | Mem:0.00M, Peak:0.00M | STUDIO / 02 / Form and structure, 视图层 | Synchronizing object | Table leg.007
Fra:1 Mem:140.80M (Peak 140.86M) | Time:00:00.06 | Mem:0.00M, Peak:0.00M | STUDIO / 02 / Form and structure, 视图层 | Synchronizing object | Floor lamp stand
Fra:1 Mem:140.82M (Peak 140.86M) | Time:00:00.06 | Mem:0.00M, Peak:0.00M | STUDIO / 02 / Form and structure, 视图层 | Synchronizing object | Floor lamp shade
Fra:1 Mem:140.85M (Peak 140.86M) | Time:00:00.06 | Mem:0.00M, Peak:0.00M | STUDIO / 02 / Form and structure, 视图层 | Synchronizing object | Plant stand.001
Fra:1 Mem:140.88M (Peak 140.88M) | Time:00:00.06 | Mem:0.00M, Peak:0.00M | STUDIO / 02 / Form and structure, 视图层 | Synchronizing object | Plant pot
Fra:1 Mem:140.92M (Peak 140.92M) | Time:00:00.06 | Mem:0.00M, Peak:0.00M | STUDIO / 02 / Form and structure, 视图层 | Synchronizing object | Foliage mass
帧:1 内存:141.13M (峰值 141.13M) | 时间:00:00.06 | Mem:0.00M, Peak:0.00M | STUDIO / 02 / Form and structure, 视图层 | Initializing
Fra:1 Mem:136.17M (Peak 141.13M) | Time:00:00.07 | Mem:0.00M, Peak:0.00M | STUDIO / 02 / Form and structure, 视图层 | Waiting for render to start
Fra:1 Mem:136.17M (Peak 141.13M) | Time:00:00.07 | Mem:0.00M, Peak:0.00M | STUDIO / 02 / Form and structure, 视图层 | Updating Scene
Fra:1 Mem:136.17M (Peak 141.13M) | Time:00:00.07 | Mem:0.00M, Peak:0.00M | STUDIO / 02 / Form and structure, 视图层 | Updating Shaders
Fra:1 Mem:136.17M (Peak 141.13M) | Time:00:00.07 | Mem:0.00M, Peak:0.00M | STUDIO / 02 / Form and structure, 视图层 | Loading render kernels (may take a few minutes the first time)
Fra:1 Mem:136.26M (Peak 164.28M) | Time:00:00.15 | Mem:0.00M, Peak:0.00M | STUDIO / 02 / Form and structure, 视图层 | Updating Procedurals
Fra:1 Mem:136.26M (Peak 164.28M) | Time:00:00.15 | Mem:0.00M, Peak:0.00M | STUDIO / 02 / Form and structure, 视图层 | Updating Background
Fra:1 Mem:136.26M (Peak 164.28M) | Time:00:00.15 | Mem:0.00M, Peak:0.00M | STUDIO / 02 / Form and structure, 视图层 | Updating Camera
Fra:1 Mem:136.26M (Peak 164.28M) | Time:00:00.15 | Mem:0.00M, Peak:0.00M | STUDIO / 02 / Form and structure, 视图层 | Updating Meshes Flags
Fra:1 Mem:136.26M (Peak 164.28M) | Time:00:00.15 | Mem:0.00M, Peak:0.00M | STUDIO / 02 / Form and structure, 视图层 | Updating Objects
Fra:1 Mem:136.26M (Peak 164.28M) | Time:00:00.15 | Mem:0.00M, Peak:0.00M | STUDIO / 02 / Form and structure, 视图层 | Updating Objects | Copying Transformations to device
Fra:1 Mem:136.28M (Peak 164.28M) | Time:00:00.15 | Mem:0.03M, Peak:0.03M | STUDIO / 02 / Form and structure, 视图层 | Updating Particle Systems
Fra:1 Mem:136.28M (Peak 164.28M) | Time:00:00.15 | Mem:0.03M, Peak:0.03M | STUDIO / 02 / Form and structure, 视图层 | Updating Particle Systems | Copying Particles to device
Fra:1 Mem:136.28M (Peak 164.28M) | Time:00:00.15 | Mem:0.03M, Peak:0.03M | STUDIO / 02 / Form and structure, 视图层 | Updating Meshes
Fra:1 Mem:136.28M (Peak 164.28M) | Time:00:00.15 | Mem:0.03M, Peak:0.03M | STUDIO / 02 / Form and structure, 视图层 | Updating Objects | Applying Static Transformations
Fra:1 Mem:136.28M (Peak 164.28M) | Time:00:00.15 | Mem:0.03M, Peak:0.03M | STUDIO / 02 / Form and structure, 视图层 | Updating Mesh | Computing attributes
Fra:1 Mem:136.57M (Peak 164.28M) | Time:00:00.15 | Mem:0.03M, Peak:0.03M | STUDIO / 02 / Form and structure, 视图层 | Updating Mesh | Copying Attributes to device
Fra:1 Mem:136.56M (Peak 164.28M) | Time:00:00.15 | Mem:0.31M, Peak:0.31M | STUDIO / 02 / Form and structure, 视图层 | Updating Scene BVH | Building
Fra:1 Mem:136.56M (Peak 164.28M) | Time:00:00.15 | Mem:0.31M, Peak:0.31M | STUDIO / 02 / Form and structure, 视图层 | Updating Scene BVH | Building BVH
Fra:1 Mem:137.28M (Peak 164.28M) | Time:00:00.15 | Mem:0.31M, Peak:0.31M | STUDIO / 02 / Form and structure, 视图层 | Updating Scene BVH | Packing BVH triangles and strands
Fra:1 Mem:137.33M (Peak 164.28M) | Time:00:00.15 | Mem:0.31M, Peak:0.31M | STUDIO / 02 / Form and structure, 视图层 | Updating Scene BVH | Packing BVH nodes
Fra:1 Mem:137.36M (Peak 164.28M) | Time:00:00.15 | Mem:0.31M, Peak:0.31M | STUDIO / 02 / Form and structure, 视图层 | Updating Scene BVH | Copying BVH to device
Fra:1 Mem:137.36M (Peak 164.28M) | Time:00:00.16 | Mem:0.71M, Peak:0.71M | STUDIO / 02 / Form and structure, 视图层 | Updating Mesh | Computing normals
Fra:1 Mem:138.10M (Peak 164.28M) | Time:00:00.16 | Mem:0.71M, Peak:0.71M | STUDIO / 02 / Form and structure, 视图层 | Updating Mesh | Copying Mesh to device
Fra:1 Mem:138.10M (Peak 164.28M) | Time:00:00.16 | Mem:1.45M, Peak:1.45M | STUDIO / 02 / Form and structure, 视图层 | Updating Objects Flags
Fra:1 Mem:138.10M (Peak 164.28M) | Time:00:00.16 | Mem:1.45M, Peak:1.45M | STUDIO / 02 / Form and structure, 视图层 | Updating Primitive Offsets
Fra:1 Mem:138.10M (Peak 164.28M) | Time:00:00.16 | Mem:1.45M, Peak:1.45M | STUDIO / 02 / Form and structure, 视图层 | Updating Images
Fra:1 Mem:138.10M (Peak 164.28M) | Time:00:00.16 | Mem:1.45M, Peak:1.45M | STUDIO / 02 / Form and structure, 视图层 | Updating Camera Volume
Fra:1 Mem:138.10M (Peak 164.28M) | Time:00:00.16 | Mem:1.45M, Peak:1.45M | STUDIO / 02 / Form and structure, 视图层 | Updating Lookup Tables
Fra:1 Mem:138.10M (Peak 164.28M) | Time:00:00.16 | Mem:1.53M, Peak:1.53M | STUDIO / 02 / Form and structure, 视图层 | Updating Lights
Fra:1 Mem:138.10M (Peak 164.28M) | Time:00:00.16 | Mem:1.53M, Peak:1.53M | STUDIO / 02 / Form and structure, 视图层 | Updating Lights | Computing tree
Fra:1 Mem:138.11M (Peak 164.28M) | Time:00:00.16 | Mem:1.53M, Peak:1.53M | STUDIO / 02 / Form and structure, 视图层 | Updating Integrator
Fra:1 Mem:138.11M (Peak 164.28M) | Time:00:00.16 | Mem:1.53M, Peak:1.53M | STUDIO / 02 / Form and structure, 视图层 | Updating Film
Fra:1 Mem:138.11M (Peak 164.28M) | Time:00:00.16 | Mem:1.45M, Peak:1.53M | STUDIO / 02 / Form and structure, 视图层 | Updating Lookup Tables
Fra:1 Mem:138.11M (Peak 164.28M) | Time:00:00.16 | Mem:1.54M, Peak:1.54M | STUDIO / 02 / Form and structure, 视图层 | Updating Baking
Fra:1 Mem:138.11M (Peak 164.28M) | Time:00:00.16 | Mem:1.54M, Peak:1.54M | STUDIO / 02 / Form and structure, 视图层 | Updating Device | Writing constant memory
Fra:1 Mem:138.11M (Peak 164.28M) | Time:00:00.16 | Mem:1.54M, Peak:1.54M | STUDIO / 02 / Form and structure, 视图层 | Loading denoising kernels (may take a few minutes the first time)
Fra:1 Mem:145.80M (Peak 164.28M) | Time:00:00.17 | Mem:678.04M, Peak:678.04M | STUDIO / 02 / Form and structure, 视图层 | Sample 0/40
Fra:1 Mem:211.04M (Peak 211.04M) | Time:00:00.18 | Remaining:00:00.61 | Mem:743.27M, Peak:743.27M | STUDIO / 02 / Form and structure, 视图层 | Sample 1/40
Fra:1 Mem:238.51M (Peak 279.71M) | Time:00:01.61 | Mem:743.28M, Peak:743.28M | STUDIO / 02 / Form and structure, 视图层 | Sample 40/40
Fra:1 Mem:238.51M (Peak 279.71M) | Time:00:01.61 | Mem:743.28M, Peak:743.28M | STUDIO / 02 / Form and structure, 视图层 | Finished
Saved: 'E:\GodotProject\悬疑建造\design\presentation\process\renders\studio-stage-2.png'
Time: 00:01.73 (Saving: 00:00.06)

PROCESS_RENDER_DONE studio-stage-2
PROCESS_RENDER_START studio-stage-3
Fra:1 Mem:188.72M (Peak 189.89M) | Time:00:00.09 | Mem:0.00M, Peak:0.00M | STUDIO / 03 / Detailed clay, 视图层 | Synchronizing object | Large studio key.002
Fra:1 Mem:188.72M (Peak 189.89M) | Time:00:00.09 | Mem:0.00M, Peak:0.00M | STUDIO / 03 / Detailed clay, 视图层 | Synchronizing object | Soft fill.002
Fra:1 Mem:188.72M (Peak 189.89M) | Time:00:00.09 | Mem:0.00M, Peak:0.00M | STUDIO / 03 / Detailed clay, 视图层 | Synchronizing object | Room floor.002
Fra:1 Mem:188.72M (Peak 189.89M) | Time:00:00.09 | Mem:0.00M, Peak:0.00M | STUDIO / 03 / Detailed clay, 视图层 | Synchronizing object | Side wall upper.001
Fra:1 Mem:188.72M (Peak 189.89M) | Time:00:00.09 | Mem:0.00M, Peak:0.00M | STUDIO / 03 / Detailed clay, 视图层 | Synchronizing object | Window pier.002
Fra:1 Mem:188.73M (Peak 189.89M) | Time:00:00.09 | Mem:0.00M, Peak:0.00M | STUDIO / 03 / Detailed clay, 视图层 | Synchronizing object | Window pane.001
Fra:1 Mem:188.75M (Peak 189.89M) | Time:00:00.09 | Mem:0.00M, Peak:0.00M | STUDIO / 03 / Detailed clay, 视图层 | Synchronizing object | Window mullion.003
Fra:1 Mem:188.80M (Peak 189.89M) | Time:00:00.09 | Mem:0.00M, Peak:0.00M | STUDIO / 03 / Detailed clay, 视图层 | Synchronizing object | Window crossbar.004
Fra:1 Mem:188.82M (Peak 189.89M) | Time:00:00.09 | Mem:0.00M, Peak:0.00M | STUDIO / 03 / Detailed clay, 视图层 | Synchronizing object | Window sill.001
Fra:1 Mem:188.88M (Peak 189.89M) | Time:00:00.09 | Mem:0.00M, Peak:0.00M | STUDIO / 03 / Detailed clay, 视图层 | Synchronizing object | Rear panel seam
Fra:1 Mem:188.87M (Peak 189.89M) | Time:00:00.09 | Mem:0.00M, Peak:0.00M | STUDIO / 03 / Detailed clay, 视图层 | Synchronizing object | Venetian slat.004
Fra:1 Mem:188.91M (Peak 189.89M) | Time:00:00.09 | Mem:0.00M, Peak:0.00M | STUDIO / 03 / Detailed clay, 视图层 | Synchronizing object | Venetian slat.005
Fra:1 Mem:188.95M (Peak 189.89M) | Time:00:00.09 | Mem:0.00M, Peak:0.00M | STUDIO / 03 / Detailed clay, 视图层 | Synchronizing object | Venetian slat.006
Fra:1 Mem:188.98M (Peak 189.89M) | Time:00:00.09 | Mem:0.00M, Peak:0.00M | STUDIO / 03 / Detailed clay, 视图层 | Synchronizing object | Venetian slat.007
Fra:1 Mem:188.98M (Peak 189.89M) | Time:00:00.09 | Mem:0.00M, Peak:0.00M | STUDIO / 03 / Detailed clay, 视图层 | Synchronizing object | Venetian slat.008
Fra:1 Mem:189.00M (Peak 189.89M) | Time:00:00.09 | Mem:0.00M, Peak:0.00M | STUDIO / 03 / Detailed clay, 视图层 | Synchronizing object | Venetian slat.009
Fra:1 Mem:189.01M (Peak 189.89M) | Time:00:00.09 | Mem:0.00M, Peak:0.00M | STUDIO / 03 / Detailed clay, 视图层 | Synchronizing object | Radiator fin
Fra:1 Mem:189.01M (Peak 189.89M) | Time:00:00.09 | Mem:0.00M, Peak:0.00M | STUDIO / 03 / Detailed clay, 视图层 | Synchronizing object | Radiator fin.003
Fra:1 Mem:189.03M (Peak 189.89M) | Time:00:00.09 | Mem:0.00M, Peak:0.00M | STUDIO / 03 / Detailed clay, 视图层 | Synchronizing object | Radiator fin.002
Fra:1 Mem:189.02M (Peak 189.89M) | Time:00:00.09 | Mem:0.00M, Peak:0.00M | STUDIO / 03 / Detailed clay, 视图层 | Synchronizing object | Radiator fin.004
Fra:1 Mem:189.06M (Peak 189.89M) | Time:00:00.09 | Mem:0.00M, Peak:0.00M | STUDIO / 03 / Detailed clay, 视图层 | Synchronizing object | Radiator fin.006
Fra:1 Mem:189.17M (Peak 189.89M) | Time:00:00.09 | Mem:0.00M, Peak:0.00M | STUDIO / 03 / Detailed clay, 视图层 | Synchronizing object | Radiator fin.007
Fra:1 Mem:189.17M (Peak 189.89M) | Time:00:00.09 | Mem:0.00M, Peak:0.00M | STUDIO / 03 / Detailed clay, 视图层 | Synchronizing object | Radiator fin.008
Fra:1 Mem:189.19M (Peak 189.89M) | Time:00:00.09 | Mem:0.00M, Peak:0.00M | STUDIO / 03 / Detailed clay, 视图层 | Synchronizing object | Radiator fin.010
Fra:1 Mem:189.17M (Peak 189.89M) | Time:00:00.09 | Mem:0.00M, Peak:0.00M | STUDIO / 03 / Detailed clay, 视图层 | Synchronizing object | Radiator fin.011
Fra:1 Mem:189.23M (Peak 189.89M) | Time:00:00.09 | Mem:0.00M, Peak:0.00M | STUDIO / 03 / Detailed clay, 视图层 | Synchronizing object | Radiator fin.012
Fra:1 Mem:189.23M (Peak 189.89M) | Time:00:00.09 | Mem:0.00M, Peak:0.00M | STUDIO / 03 / Detailed clay, 视图层 | Synchronizing object | Floor seam
Fra:1 Mem:189.26M (Peak 189.89M) | Time:00:00.09 | Mem:0.00M, Peak:0.00M | STUDIO / 03 / Detailed clay, 视图层 | Synchronizing object | Plank joint.001
Fra:1 Mem:189.28M (Peak 189.89M) | Time:00:00.09 | Mem:0.00M, Peak:0.00M | STUDIO / 03 / Detailed clay, 视图层 | Synchronizing object | Plank joint.002
Fra:1 Mem:189.33M (Peak 189.89M) | Time:00:00.09 | Mem:0.00M, Peak:0.00M | STUDIO / 03 / Detailed clay, 视图层 | Synchronizing object | Plank joint.003
Fra:1 Mem:189.34M (Peak 189.89M) | Time:00:00.09 | Mem:0.00M, Peak:0.00M | STUDIO / 03 / Detailed clay, 视图层 | Synchronizing object | Floor seam.001
Fra:1 Mem:189.34M (Peak 189.89M) | Time:00:00.09 | Mem:0.00M, Peak:0.00M | STUDIO / 03 / Detailed clay, 视图层 | Synchronizing object | Plank joint.006
Fra:1 Mem:189.33M (Peak 189.89M) | Time:00:00.09 | Mem:0.00M, Peak:0.00M | STUDIO / 03 / Detailed clay, 视图层 | Synchronizing object | Plank joint.007
Fra:1 Mem:189.35M (Peak 189.89M) | Time:00:00.09 | Mem:0.00M, Peak:0.00M | STUDIO / 03 / Detailed clay, 视图层 | Synchronizing object | Plank joint.008
Fra:1 Mem:189.37M (Peak 189.89M) | Time:00:00.09 | Mem:0.00M, Peak:0.00M | STUDIO / 03 / Detailed clay, 视图层 | Synchronizing object | Plank joint.009
Fra:1 Mem:189.36M (Peak 189.89M) | Time:00:00.09 | Mem:0.00M, Peak:0.00M | STUDIO / 03 / Detailed clay, 视图层 | Synchronizing object | Plank joint.012
Fra:1 Mem:189.38M (Peak 189.89M) | Time:00:00.09 | Mem:0.00M, Peak:0.00M | STUDIO / 03 / Detailed clay, 视图层 | Synchronizing object | Plank joint.013
Fra:1 Mem:189.39M (Peak 189.89M) | Time:00:00.09 | Mem:0.00M, Peak:0.00M | STUDIO / 03 / Detailed clay, 视图层 | Synchronizing object | Plank joint.014
Fra:1 Mem:189.43M (Peak 189.89M) | Time:00:00.09 | Mem:0.00M, Peak:0.00M | STUDIO / 03 / Detailed clay, 视图层 | Synchronizing object | Floor seam.003
Fra:1 Mem:189.40M (Peak 189.89M) | Time:00:00.09 | Mem:0.00M, Peak:0.00M | STUDIO / 03 / Detailed clay, 视图层 | Synchronizing object | Plank joint.015
Fra:1 Mem:189.39M (Peak 189.89M) | Time:00:00.09 | Mem:0.00M, Peak:0.00M | STUDIO / 03 / Detailed clay, 视图层 | Synchronizing object | Plank joint.016
Fra:1 Mem:189.40M (Peak 189.89M) | Time:00:00.09 | Mem:0.00M, Peak:0.00M | STUDIO / 03 / Detailed clay, 视图层 | Synchronizing object | Plank joint.018
Fra:1 Mem:189.43M (Peak 189.89M) | Time:00:00.09 | Mem:0.00M, Peak:0.00M | STUDIO / 03 / Detailed clay, 视图层 | Synchronizing object | Plank joint.019
Fra:1 Mem:189.41M (Peak 189.89M) | Time:00:00.09 | Mem:0.00M, Peak:0.00M | STUDIO / 03 / Detailed clay, 视图层 | Synchronizing object | Floor seam.004
Fra:1 Mem:189.41M (Peak 189.89M) | Time:00:00.09 | Mem:0.00M, Peak:0.00M | STUDIO / 03 / Detailed clay, 视图层 | Synchronizing object | Plank joint.021
Fra:1 Mem:189.42M (Peak 189.89M) | Time:00:00.09 | Mem:0.00M, Peak:0.00M | STUDIO / 03 / Detailed clay, 视图层 | Synchronizing object | Plank joint.022
Fra:1 Mem:189.45M (Peak 189.89M) | Time:00:00.09 | Mem:0.00M, Peak:0.00M | STUDIO / 03 / Detailed clay, 视图层 | Synchronizing object | Floor seam.005
Fra:1 Mem:189.43M (Peak 189.89M) | Time:00:00.09 | Mem:0.00M, Peak:0.00M | STUDIO / 03 / Detailed clay, 视图层 | Synchronizing object | Plank joint.026
Fra:1 Mem:189.46M (Peak 189.89M) | Time:00:00.09 | Mem:0.00M, Peak:0.00M | STUDIO / 03 / Detailed clay, 视图层 | Synchronizing object | Plank joint.027
Fra:1 Mem:189.48M (Peak 189.89M) | Time:00:00.09 | Mem:0.00M, Peak:0.00M | STUDIO / 03 / Detailed clay, 视图层 | Synchronizing object | Plank joint.030
Fra:1 Mem:189.47M (Peak 189.89M) | Time:00:00.09 | Mem:0.00M, Peak:0.00M | STUDIO / 03 / Detailed clay, 视图层 | Synchronizing object | Plank joint.031
Fra:1 Mem:189.46M (Peak 189.89M) | Time:00:00.09 | Mem:0.00M, Peak:0.00M | STUDIO / 03 / Detailed clay, 视图层 | Synchronizing object | Plank joint.032
Fra:1 Mem:189.47M (Peak 189.89M) | Time:00:00.09 | Mem:0.00M, Peak:0.00M | STUDIO / 03 / Detailed clay, 视图层 | Synchronizing object | Plank joint.034
Fra:1 Mem:189.50M (Peak 189.89M) | Time:00:00.09 | Mem:0.00M, Peak:0.00M | STUDIO / 03 / Detailed clay, 视图层 | Synchronizing object | Plank joint.036
Fra:1 Mem:189.50M (Peak 189.89M) | Time:00:00.09 | Mem:0.00M, Peak:0.00M | STUDIO / 03 / Detailed clay, 视图层 | Synchronizing object | Plank joint.037
Fra:1 Mem:189.51M (Peak 189.89M) | Time:00:00.09 | Mem:0.00M, Peak:0.00M | STUDIO / 03 / Detailed clay, 视图层 | Synchronizing object | Plank joint.039
Fra:1 Mem:189.52M (Peak 189.89M) | Time:00:00.09 | Mem:0.00M, Peak:0.00M | STUDIO / 03 / Detailed clay, 视图层 | Synchronizing object | Plank joint.041
Fra:1 Mem:189.49M (Peak 189.89M) | Time:00:00.09 | Mem:0.00M, Peak:0.00M | STUDIO / 03 / Detailed clay, 视图层 | Synchronizing object | Plank joint.042
Fra:1 Mem:189.49M (Peak 189.89M) | Time:00:00.09 | Mem:0.00M, Peak:0.00M | STUDIO / 03 / Detailed clay, 视图层 | Synchronizing object | Floor seam.009
Fra:1 Mem:189.50M (Peak 189.89M) | Time:00:00.09 | Mem:0.00M, Peak:0.00M | STUDIO / 03 / Detailed clay, 视图层 | Synchronizing object | Plank joint.045
Fra:1 Mem:189.50M (Peak 189.89M) | Time:00:00.09 | Mem:0.00M, Peak:0.00M | STUDIO / 03 / Detailed clay, 视图层 | Synchronizing object | Plank joint.047
Fra:1 Mem:189.51M (Peak 189.89M) | Time:00:00.09 | Mem:0.00M, Peak:0.00M | STUDIO / 03 / Detailed clay, 视图层 | Synchronizing object | Plank joint.048
Fra:1 Mem:189.53M (Peak 189.89M) | Time:00:00.09 | Mem:0.00M, Peak:0.00M | STUDIO / 03 / Detailed clay, 视图层 | Synchronizing object | Floor seam.010
Fra:1 Mem:189.53M (Peak 189.89M) | Time:00:00.09 | Mem:0.00M, Peak:0.00M | STUDIO / 03 / Detailed clay, 视图层 | Synchronizing object | Plank joint.051
Fra:1 Mem:189.53M (Peak 189.89M) | Time:00:00.09 | Mem:0.00M, Peak:0.00M | STUDIO / 03 / Detailed clay, 视图层 | Synchronizing object | Plank joint.052
Fra:1 Mem:189.53M (Peak 189.89M) | Time:00:00.09 | Mem:0.00M, Peak:0.00M | STUDIO / 03 / Detailed clay, 视图层 | Synchronizing object | Plank joint.053
Fra:1 Mem:189.53M (Peak 189.89M) | Time:00:00.09 | Mem:0.00M, Peak:0.00M | STUDIO / 03 / Detailed clay, 视图层 | Synchronizing object | Floor seam.011
Fra:1 Mem:189.53M (Peak 189.89M) | Time:00:00.09 | Mem:0.00M, Peak:0.00M | STUDIO / 03 / Detailed clay, 视图层 | Synchronizing object | Plank joint.055
Fra:1 Mem:189.53M (Peak 189.89M) | Time:00:00.09 | Mem:0.00M, Peak:0.00M | STUDIO / 03 / Detailed clay, 视图层 | Synchronizing object | Plank joint.056
Fra:1 Mem:189.54M (Peak 189.89M) | Time:00:00.09 | Mem:0.00M, Peak:0.00M | STUDIO / 03 / Detailed clay, 视图层 | Synchronizing object | Plank joint.057
Fra:1 Mem:189.54M (Peak 189.89M) | Time:00:00.09 | Mem:0.00M, Peak:0.00M | STUDIO / 03 / Detailed clay, 视图层 | Synchronizing object | Plank joint.059
Fra:1 Mem:189.54M (Peak 189.89M) | Time:00:00.09 | Mem:0.00M, Peak:0.00M | STUDIO / 03 / Detailed clay, 视图层 | Synchronizing object | Floor seam.012
Fra:1 Mem:189.54M (Peak 189.89M) | Time:00:00.09 | Mem:0.00M, Peak:0.00M | STUDIO / 03 / Detailed clay, 视图层 | Synchronizing object | Plank joint.062
Fra:1 Mem:189.55M (Peak 189.89M) | Time:00:00.09 | Mem:0.00M, Peak:0.00M | STUDIO / 03 / Detailed clay, 视图层 | Synchronizing object | Plank joint.064
Fra:1 Mem:189.55M (Peak 189.89M) | Time:00:00.09 | Mem:0.00M, Peak:0.00M | STUDIO / 03 / Detailed clay, 视图层 | Synchronizing object | Floor seam.013
Fra:1 Mem:189.55M (Peak 189.89M) | Time:00:00.09 | Mem:0.00M, Peak:0.00M | STUDIO / 03 / Detailed clay, 视图层 | Synchronizing object | Plank joint.065
Fra:1 Mem:189.55M (Peak 189.89M) | Time:00:00.09 | Mem:0.00M, Peak:0.00M | STUDIO / 03 / Detailed clay, 视图层 | Synchronizing object | Plank joint.066
Fra:1 Mem:189.55M (Peak 189.89M) | Time:00:00.09 | Mem:0.00M, Peak:0.00M | STUDIO / 03 / Detailed clay, 视图层 | Synchronizing object | Plank joint.068
Fra:1 Mem:189.56M (Peak 189.89M) | Time:00:00.09 | Mem:0.00M, Peak:0.00M | STUDIO / 03 / Detailed clay, 视图层 | Synchronizing object | Floor seam.014
Fra:1 Mem:189.56M (Peak 189.89M) | Time:00:00.09 | Mem:0.00M, Peak:0.00M | STUDIO / 03 / Detailed clay, 视图层 | Synchronizing object | Plank joint.070
Fra:1 Mem:189.56M (Peak 189.89M) | Time:00:00.09 | Mem:0.00M, Peak:0.00M | STUDIO / 03 / Detailed clay, 视图层 | Synchronizing object | Plank joint.071
Fra:1 Mem:189.56M (Peak 189.89M) | Time:00:00.09 | Mem:0.00M, Peak:0.00M | STUDIO / 03 / Detailed clay, 视图层 | Synchronizing object | Plank joint.072
Fra:1 Mem:189.56M (Peak 189.89M) | Time:00:00.09 | Mem:0.00M, Peak:0.00M | STUDIO / 03 / Detailed clay, 视图层 | Synchronizing object | Plank joint.073
Fra:1 Mem:189.57M (Peak 189.89M) | Time:00:00.09 | Mem:0.00M, Peak:0.00M | STUDIO / 03 / Detailed clay, 视图层 | Synchronizing object | Plank joint.074
Fra:1 Mem:189.57M (Peak 189.89M) | Time:00:00.09 | Mem:0.00M, Peak:0.00M | STUDIO / 03 / Detailed clay, 视图层 | Synchronizing object | Floor seam.015
Fra:1 Mem:189.57M (Peak 189.89M) | Time:00:00.09 | Mem:0.00M, Peak:0.00M | STUDIO / 03 / Detailed clay, 视图层 | Synchronizing object | Plank joint.076
Fra:1 Mem:189.57M (Peak 189.89M) | Time:00:00.09 | Mem:0.00M, Peak:0.00M | STUDIO / 03 / Detailed clay, 视图层 | Synchronizing object | Plank joint.077
Fra:1 Mem:189.57M (Peak 189.89M) | Time:00:00.09 | Mem:0.00M, Peak:0.00M | STUDIO / 03 / Detailed clay, 视图层 | Synchronizing object | Plank joint.078
Fra:1 Mem:189.57M (Peak 189.89M) | Time:00:00.09 | Mem:0.00M, Peak:0.00M | STUDIO / 03 / Detailed clay, 视图层 | Synchronizing object | Plank joint.079
Fra:1 Mem:189.57M (Peak 189.89M) | Time:00:00.09 | Mem:0.00M, Peak:0.00M | STUDIO / 03 / Detailed clay, 视图层 | Synchronizing object | Floor seam.016
Fra:1 Mem:189.58M (Peak 189.89M) | Time:00:00.09 | Mem:0.00M, Peak:0.00M | STUDIO / 03 / Detailed clay, 视图层 | Synchronizing object | Plank joint.081
Fra:1 Mem:189.58M (Peak 189.89M) | Time:00:00.09 | Mem:0.00M, Peak:0.00M | STUDIO / 03 / Detailed clay, 视图层 | Synchronizing object | Plank joint.080
Fra:1 Mem:189.59M (Peak 189.89M) | Time:00:00.09 | Mem:0.00M, Peak:0.00M | STUDIO / 03 / Detailed clay, 视图层 | Synchronizing object | Plank joint.085
Fra:1 Mem:189.59M (Peak 189.89M) | Time:00:00.09 | Mem:0.00M, Peak:0.00M | STUDIO / 03 / Detailed clay, 视图层 | Synchronizing object | Plank joint.086
Fra:1 Mem:189.59M (Peak 189.89M) | Time:00:00.09 | Mem:0.00M, Peak:0.00M | STUDIO / 03 / Detailed clay, 视图层 | Synchronizing object | Plank joint.087
Fra:1 Mem:189.60M (Peak 189.89M) | Time:00:00.09 | Mem:0.00M, Peak:0.00M | STUDIO / 03 / Detailed clay, 视图层 | Synchronizing object | Plank joint.088
Fra:1 Mem:189.60M (Peak 189.89M) | Time:00:00.09 | Mem:0.00M, Peak:0.00M | STUDIO / 03 / Detailed clay, 视图层 | Synchronizing object | Floor seam.018
Fra:1 Mem:189.61M (Peak 189.89M) | Time:00:00.09 | Mem:0.00M, Peak:0.00M | STUDIO / 03 / Detailed clay, 视图层 | Synchronizing object | Plank joint.092
Fra:1 Mem:189.64M (Peak 189.89M) | Time:00:00.09 | Mem:0.00M, Peak:0.00M | STUDIO / 03 / Detailed clay, 视图层 | Synchronizing object | Plank joint.093
Fra:1 Mem:189.64M (Peak 189.89M) | Time:00:00.09 | Mem:0.00M, Peak:0.00M | STUDIO / 03 / Detailed clay, 视图层 | Synchronizing object | Floor seam.019
Fra:1 Mem:189.65M (Peak 189.89M) | Time:00:00.09 | Mem:0.00M, Peak:0.00M | STUDIO / 03 / Detailed clay, 视图层 | Synchronizing object | Plank joint.096
Fra:1 Mem:189.63M (Peak 189.89M) | Time:00:00.09 | Mem:0.00M, Peak:0.00M | STUDIO / 03 / Detailed clay, 视图层 | Synchronizing object | Plank joint.097
Fra:1 Mem:189.63M (Peak 189.89M) | Time:00:00.09 | Mem:0.00M, Peak:0.00M | STUDIO / 03 / Detailed clay, 视图层 | Synchronizing object | Plank joint.098
Fra:1 Mem:189.64M (Peak 189.89M) | Time:00:00.09 | Mem:0.00M, Peak:0.00M | STUDIO / 03 / Detailed clay, 视图层 | Synchronizing object | Plank joint.099
Fra:1 Mem:189.64M (Peak 189.89M) | Time:00:00.09 | Mem:0.00M, Peak:0.00M | STUDIO / 03 / Detailed clay, 视图层 | Synchronizing object | Floor seam.020
Fra:1 Mem:189.64M (Peak 189.89M) | Time:00:00.09 | Mem:0.00M, Peak:0.00M | STUDIO / 03 / Detailed clay, 视图层 | Synchronizing object | Plank joint.101
Fra:1 Mem:189.64M (Peak 189.89M) | Time:00:00.09 | Mem:0.00M, Peak:0.00M | STUDIO / 03 / Detailed clay, 视图层 | Synchronizing object | Plank joint.103
Fra:1 Mem:189.64M (Peak 189.89M) | Time:00:00.09 | Mem:0.00M, Peak:0.00M | STUDIO / 03 / Detailed clay, 视图层 | Synchronizing object | Worktop.003
Fra:1 Mem:189.65M (Peak 189.89M) | Time:00:00.09 | Mem:0.00M, Peak:0.00M | STUDIO / 03 / Detailed clay, 视图层 | Synchronizing object | Desk pedestal.002
Fra:1 Mem:189.65M (Peak 189.89M) | Time:00:00.09 | Mem:0.00M, Peak:0.00M | STUDIO / 03 / Detailed clay, 视图层 | Synchronizing object | Drawer front.007
Fra:1 Mem:189.67M (Peak 189.89M) | Time:00:00.09 | Mem:0.00M, Peak:0.00M | STUDIO / 03 / Detailed clay, 视图层 | Synchronizing object | Drawer handle.001
Fra:1 Mem:189.69M (Peak 189.89M) | Time:00:00.09 | Mem:0.00M, Peak:0.00M | STUDIO / 03 / Detailed clay, 视图层 | Synchronizing object | Drawer front.008
Fra:1 Mem:189.73M (Peak 189.89M) | Time:00:00.09 | Mem:0.00M, Peak:0.00M | STUDIO / 03 / Detailed clay, 视图层 | Synchronizing object | Drawer handle.002
Fra:1 Mem:189.76M (Peak 189.89M) | Time:00:00.09 | Mem:0.00M, Peak:0.00M | STUDIO / 03 / Detailed clay, 视图层 | Synchronizing object | Desk pedestal.003
Fra:1 Mem:189.79M (Peak 189.89M) | Time:00:00.09 | Mem:0.00M, Peak:0.00M | STUDIO / 03 / Detailed clay, 视图层 | Synchronizing object | Drawer front.009
Fra:1 Mem:189.77M (Peak 189.89M) | Time:00:00.09 | Mem:0.00M, Peak:0.00M | STUDIO / 03 / Detailed clay, 视图层 | Synchronizing object | Drawer handle.004
Fra:1 Mem:189.78M (Peak 189.89M) | Time:00:00.09 | Mem:0.00M, Peak:0.00M | STUDIO / 03 / Detailed clay, 视图层 | Synchronizing object | Drawer front.011
Fra:1 Mem:189.85M (Peak 189.89M) | Time:00:00.09 | Mem:0.00M, Peak:0.00M | STUDIO / 03 / Detailed clay, 视图层 | Synchronizing object | Drawer handle.005
Fra:1 Mem:189.84M (Peak 189.89M) | Time:00:00.09 | Mem:0.00M, Peak:0.00M | STUDIO / 03 / Detailed clay, 视图层 | Synchronizing object | Monitor housing.001
Fra:1 Mem:189.83M (Peak 189.89M) | Time:00:00.09 | Mem:0.00M, Peak:0.00M | STUDIO / 03 / Detailed clay, 视图层 | Synchronizing object | Blank screen.001
Fra:1 Mem:189.86M (Peak 189.89M) | Time:00:00.09 | Mem:0.00M, Peak:0.00M | STUDIO / 03 / Detailed clay, 视图层 | Synchronizing object | Screen stand.001
Fra:1 Mem:189.87M (Peak 189.89M) | Time:00:00.09 | Mem:0.00M, Peak:0.00M | STUDIO / 03 / Detailed clay, 视图层 | Synchronizing object | Keyboard key.001
Fra:1 Mem:189.87M (Peak 189.89M) | Time:00:00.09 | Mem:0.00M, Peak:0.00M | STUDIO / 03 / Detailed clay, 视图层 | Synchronizing object | Keyboard key.002
Fra:1 Mem:189.87M (Peak 189.89M) | Time:00:00.09 | Mem:0.00M, Peak:0.00M | STUDIO / 03 / Detailed clay, 视图层 | Synchronizing object | Keyboard key.004
Fra:1 Mem:189.88M (Peak 189.89M) | Time:00:00.09 | Mem:0.00M, Peak:0.00M | STUDIO / 03 / Detailed clay, 视图层 | Synchronizing object | Keyboard key.005
Fra:1 Mem:189.89M (Peak 189.89M) | Time:00:00.09 | Mem:0.00M, Peak:0.00M | STUDIO / 03 / Detailed clay, 视图层 | Synchronizing object | Keyboard key.006
Fra:1 Mem:189.95M (Peak 189.95M) | Time:00:00.09 | Mem:0.00M, Peak:0.00M | STUDIO / 03 / Detailed clay, 视图层 | Synchronizing object | Keyboard key.007
Fra:1 Mem:190.00M (Peak 190.00M) | Time:00:00.09 | Mem:0.00M, Peak:0.00M | STUDIO / 03 / Detailed clay, 视图层 | Synchronizing object | Keyboard key.008
Fra:1 Mem:189.97M (Peak 190.00M) | Time:00:00.09 | Mem:0.00M, Peak:0.00M | STUDIO / 03 / Detailed clay, 视图层 | Synchronizing object | Keyboard key.009
Fra:1 Mem:189.98M (Peak 190.00M) | Time:00:00.09 | Mem:0.00M, Peak:0.00M | STUDIO / 03 / Detailed clay, 视图层 | Synchronizing object | Keyboard key.010
Fra:1 Mem:190.02M (Peak 190.02M) | Time:00:00.09 | Mem:0.00M, Peak:0.00M | STUDIO / 03 / Detailed clay, 视图层 | Synchronizing object | Keyboard key.011
Fra:1 Mem:190.02M (Peak 190.02M) | Time:00:00.09 | Mem:0.00M, Peak:0.00M | STUDIO / 03 / Detailed clay, 视图层 | Synchronizing object | Keyboard key.012
Fra:1 Mem:190.03M (Peak 190.03M) | Time:00:00.09 | Mem:0.00M, Peak:0.00M | STUDIO / 03 / Detailed clay, 视图层 | Synchronizing object | Keyboard key.013
Fra:1 Mem:190.03M (Peak 190.03M) | Time:00:00.09 | Mem:0.00M, Peak:0.00M | STUDIO / 03 / Detailed clay, 视图层 | Synchronizing object | Keyboard key.015
Fra:1 Mem:190.08M (Peak 190.08M) | Time:00:00.09 | Mem:0.00M, Peak:0.00M | STUDIO / 03 / Detailed clay, 视图层 | Synchronizing object | Keyboard key.016
Fra:1 Mem:190.15M (Peak 190.15M) | Time:00:00.09 | Mem:0.00M, Peak:0.00M | STUDIO / 03 / Detailed clay, 视图层 | Synchronizing object | Keyboard key.017
Fra:1 Mem:190.18M (Peak 190.18M) | Time:00:00.09 | Mem:0.00M, Peak:0.00M | STUDIO / 03 / Detailed clay, 视图层 | Synchronizing object | Keyboard key.018
Fra:1 Mem:190.19M (Peak 190.19M) | Time:00:00.09 | Mem:0.00M, Peak:0.00M | STUDIO / 03 / Detailed clay, 视图层 | Synchronizing object | Keyboard key.019
Fra:1 Mem:190.17M (Peak 190.19M) | Time:00:00.09 | Mem:0.00M, Peak:0.00M | STUDIO / 03 / Detailed clay, 视图层 | Synchronizing object | Keyboard key.020
Fra:1 Mem:190.21M (Peak 190.21M) | Time:00:00.09 | Mem:0.00M, Peak:0.00M | STUDIO / 03 / Detailed clay, 视图层 | Synchronizing object | Keyboard key.021
Fra:1 Mem:190.21M (Peak 190.21M) | Time:00:00.09 | Mem:0.00M, Peak:0.00M | STUDIO / 03 / Detailed clay, 视图层 | Synchronizing object | Keyboard key.023
Fra:1 Mem:190.26M (Peak 190.26M) | Time:00:00.09 | Mem:0.00M, Peak:0.00M | STUDIO / 03 / Detailed clay, 视图层 | Synchronizing object | Keyboard key.024
Fra:1 Mem:190.28M (Peak 190.28M) | Time:00:00.09 | Mem:0.00M, Peak:0.00M | STUDIO / 03 / Detailed clay, 视图层 | Synchronizing object | Keyboard key.026
Fra:1 Mem:190.30M (Peak 190.30M) | Time:00:00.09 | Mem:0.00M, Peak:0.00M | STUDIO / 03 / Detailed clay, 视图层 | Synchronizing object | Keyboard key.030
Fra:1 Mem:190.29M (Peak 190.30M) | Time:00:00.09 | Mem:0.00M, Peak:0.00M | STUDIO / 03 / Detailed clay, 视图层 | Synchronizing object | Keyboard key.033
Fra:1 Mem:190.28M (Peak 190.30M) | Time:00:00.09 | Mem:0.00M, Peak:0.00M | STUDIO / 03 / Detailed clay, 视图层 | Synchronizing object | Keyboard key.035
Fra:1 Mem:190.30M (Peak 190.30M) | Time:00:00.09 | Mem:0.00M, Peak:0.00M | STUDIO / 03 / Detailed clay, 视图层 | Synchronizing object | Keyboard key.036
Fra:1 Mem:190.32M (Peak 190.32M) | Time:00:00.09 | Mem:0.00M, Peak:0.00M | STUDIO / 03 / Detailed clay, 视图层 | Synchronizing object | Keyboard key.037
Fra:1 Mem:190.40M (Peak 190.40M) | Time:00:00.09 | Mem:0.00M, Peak:0.00M | STUDIO / 03 / Detailed clay, 视图层 | Synchronizing object | Keyboard key.038
Fra:1 Mem:190.42M (Peak 190.42M) | Time:00:00.09 | Mem:0.00M, Peak:0.00M | STUDIO / 03 / Detailed clay, 视图层 | Synchronizing object | Keyboard key.040
Fra:1 Mem:190.44M (Peak 190.44M) | Time:00:00.09 | Mem:0.00M, Peak:0.00M | STUDIO / 03 / Detailed clay, 视图层 | Synchronizing object | Keyboard key.041
Fra:1 Mem:190.45M (Peak 190.45M) | Time:00:00.09 | Mem:0.00M, Peak:0.00M | STUDIO / 03 / Detailed clay, 视图层 | Synchronizing object | Keyboard key.046
Fra:1 Mem:190.44M (Peak 190.45M) | Time:00:00.09 | Mem:0.00M, Peak:0.00M | STUDIO / 03 / Detailed clay, 视图层 | Synchronizing object | Keyboard key.047
Fra:1 Mem:190.46M (Peak 190.46M) | Time:00:00.09 | Mem:0.00M, Peak:0.00M | STUDIO / 03 / Detailed clay, 视图层 | Synchronizing object | Display vent.001
Fra:1 Mem:190.46M (Peak 190.46M) | Time:00:00.09 | Mem:0.00M, Peak:0.00M | STUDIO / 03 / Detailed clay, 视图层 | Synchronizing object | Display vent.002
Fra:1 Mem:190.47M (Peak 190.47M) | Time:00:00.09 | Mem:0.00M, Peak:0.00M | STUDIO / 03 / Detailed clay, 视图层 | Synchronizing object | Display vent.003
Fra:1 Mem:190.54M (Peak 190.54M) | Time:00:00.09 | Mem:0.00M, Peak:0.00M | STUDIO / 03 / Detailed clay, 视图层 | Synchronizing object | Display vent.004
Fra:1 Mem:190.56M (Peak 190.56M) | Time:00:00.09 | Mem:0.00M, Peak:0.00M | STUDIO / 03 / Detailed clay, 视图层 | Synchronizing object | Mouse
Fra:1 Mem:190.55M (Peak 190.56M) | Time:00:00.09 | Mem:0.00M, Peak:0.00M | STUDIO / 03 / Detailed clay, 视图层 | Synchronizing object | Office chair seat.001
Fra:1 Mem:190.57M (Peak 190.57M) | Time:00:00.09 | Mem:0.00M, Peak:0.00M | STUDIO / 03 / Detailed clay, 视图层 | Synchronizing object | Office chair back.001
Fra:1 Mem:190.64M (Peak 190.64M) | Time:00:00.09 | Mem:0.00M, Peak:0.00M | STUDIO / 03 / Detailed clay, 视图层 | Synchronizing object | Chair stem.001
Fra:1 Mem:190.66M (Peak 190.66M) | Time:00:00.09 | Mem:0.00M, Peak:0.00M | STUDIO / 03 / Detailed clay, 视图层 | Synchronizing object | Chair foot.005
Fra:1 Mem:190.62M (Peak 190.66M) | Time:00:00.09 | Mem:0.00M, Peak:0.00M | STUDIO / 03 / Detailed clay, 视图层 | Synchronizing object | Caster
Fra:1 Mem:190.67M (Peak 190.67M) | Time:00:00.09 | Mem:0.00M, Peak:0.00M | STUDIO / 03 / Detailed clay, 视图层 | Synchronizing object | Chair foot.006
Fra:1 Mem:190.71M (Peak 190.71M) | Time:00:00.09 | Mem:0.00M, Peak:0.00M | STUDIO / 03 / Detailed clay, 视图层 | Synchronizing object | Caster.001
Fra:1 Mem:190.77M (Peak 190.77M) | Time:00:00.09 | Mem:0.00M, Peak:0.00M | STUDIO / 03 / Detailed clay, 视图层 | Synchronizing object | Caster.002
Fra:1 Mem:190.76M (Peak 190.77M) | Time:00:00.09 | Mem:0.00M, Peak:0.00M | STUDIO / 03 / Detailed clay, 视图层 | Synchronizing object | Chair foot.008
Fra:1 Mem:190.84M (Peak 190.84M) | Time:00:00.09 | Mem:0.00M, Peak:0.00M | STUDIO / 03 / Detailed clay, 视图层 | Synchronizing object | Caster.003
Fra:1 Mem:190.86M (Peak 190.86M) | Time:00:00.09 | Mem:0.00M, Peak:0.00M | STUDIO / 03 / Detailed clay, 视图层 | Synchronizing object | Caster.004
Fra:1 Mem:190.83M (Peak 190.86M) | Time:00:00.09 | Mem:0.00M, Peak:0.00M | STUDIO / 03 / Detailed clay, 视图层 | Synchronizing object | Padded chair arm
Fra:1 Mem:190.90M (Peak 190.90M) | Time:00:00.09 | Mem:0.00M, Peak:0.00M | STUDIO / 03 / Detailed clay, 视图层 | Synchronizing object | Arm support.001
Fra:1 Mem:190.93M (Peak 190.93M) | Time:00:00.09 | Mem:0.00M, Peak:0.00M | STUDIO / 03 / Detailed clay, 视图层 | Synchronizing object | Padded chair arm.001
Fra:1 Mem:190.95M (Peak 190.95M) | Time:00:00.09 | Mem:0.00M, Peak:0.00M | STUDIO / 03 / Detailed clay, 视图层 | Synchronizing object | Shelf side.004
Fra:1 Mem:190.96M (Peak 190.96M) | Time:00:00.09 | Mem:0.00M, Peak:0.00M | STUDIO / 03 / Detailed clay, 视图层 | Synchronizing object | Shelf side.005
Fra:1 Mem:191.00M (Peak 191.00M) | Time:00:00.09 | Mem:0.00M, Peak:0.00M | STUDIO / 03 / Detailed clay, 视图层 | Synchronizing object | Shelf.013
Fra:1 Mem:190.96M (Peak 191.00M) | Time:00:00.09 | Mem:0.00M, Peak:0.00M | STUDIO / 03 / Detailed clay, 视图层 | Synchronizing object | Archive book
Fra:1 Mem:190.97M (Peak 191.00M) | Time:00:00.09 | Mem:0.00M, Peak:0.00M | STUDIO / 03 / Detailed clay, 视图层 | Synchronizing object | Book spine label.001
Fra:1 Mem:190.98M (Peak 191.00M) | Time:00:00.09 | Mem:0.00M, Peak:0.00M | STUDIO / 03 / Detailed clay, 视图层 | Synchronizing object | Archive book.002
Fra:1 Mem:191.02M (Peak 191.02M) | Time:00:00.09 | Mem:0.00M, Peak:0.00M | STUDIO / 03 / Detailed clay, 视图层 | Synchronizing object | Book spine label.002
Fra:1 Mem:191.06M (Peak 191.06M) | Time:00:00.09 | Mem:0.00M, Peak:0.00M | STUDIO / 03 / Detailed clay, 视图层 | Synchronizing object | Book spine label.003
Fra:1 Mem:191.09M (Peak 191.09M) | Time:00:00.09 | Mem:0.00M, Peak:0.00M | STUDIO / 03 / Detailed clay, 视图层 | Synchronizing object | Archive book.005
Fra:1 Mem:191.14M (Peak 191.14M) | Time:00:00.09 | Mem:0.00M, Peak:0.00M | STUDIO / 03 / Detailed clay, 视图层 | Synchronizing object | Book spine label.005
Fra:1 Mem:191.15M (Peak 191.15M) | Time:00:00.09 | Mem:0.00M, Peak:0.00M | STUDIO / 03 / Detailed clay, 视图层 | Synchronizing object | Book spine label.006
Fra:1 Mem:191.20M (Peak 191.20M) | Time:00:00.09 | Mem:0.00M, Peak:0.00M | STUDIO / 03 / Detailed clay, 视图层 | Synchronizing object | Archive book.007
Fra:1 Mem:191.23M (Peak 191.23M) | Time:00:00.09 | Mem:0.00M, Peak:0.00M | STUDIO / 03 / Detailed clay, 视图层 | Synchronizing object | Archive book.008
Fra:1 Mem:191.22M (Peak 191.23M) | Time:00:00.09 | Mem:0.00M, Peak:0.00M | STUDIO / 03 / Detailed clay, 视图层 | Synchronizing object | Book spine label.008
Fra:1 Mem:191.24M (Peak 191.24M) | Time:00:00.09 | Mem:0.00M, Peak:0.00M | STUDIO / 03 / Detailed clay, 视图层 | Synchronizing object | Book spine label.010
Fra:1 Mem:191.23M (Peak 191.24M) | Time:00:00.09 | Mem:0.00M, Peak:0.00M | STUDIO / 03 / Detailed clay, 视图层 | Synchronizing object | Archive book.011
Fra:1 Mem:191.26M (Peak 191.26M) | Time:00:00.09 | Mem:0.00M, Peak:0.00M | STUDIO / 03 / Detailed clay, 视图层 | Synchronizing object | Book spine label.011
Fra:1 Mem:191.36M (Peak 191.36M) | Time:00:00.09 | Mem:0.00M, Peak:0.00M | STUDIO / 03 / Detailed clay, 视图层 | Synchronizing object | Book spine label.012
Fra:1 Mem:191.36M (Peak 191.36M) | Time:00:00.09 | Mem:0.00M, Peak:0.00M | STUDIO / 03 / Detailed clay, 视图层 | Synchronizing object | Archive book.013
Fra:1 Mem:191.39M (Peak 191.39M) | Time:00:00.09 | Mem:0.00M, Peak:0.00M | STUDIO / 03 / Detailed clay, 视图层 | Synchronizing object | Book spine label.013
Fra:1 Mem:191.40M (Peak 191.40M) | Time:00:00.09 | Mem:0.00M, Peak:0.00M | STUDIO / 03 / Detailed clay, 视图层 | Synchronizing object | Archive book.014
Fra:1 Mem:191.42M (Peak 191.42M) | Time:00:00.09 | Mem:0.00M, Peak:0.00M | STUDIO / 03 / Detailed clay, 视图层 | Synchronizing object | Book spine label.014
Fra:1 Mem:191.43M (Peak 191.43M) | Time:00:00.09 | Mem:0.00M, Peak:0.00M | STUDIO / 03 / Detailed clay, 视图层 | Synchronizing object | Archive book.015
Fra:1 Mem:191.43M (Peak 191.43M) | Time:00:00.09 | Mem:0.00M, Peak:0.00M | STUDIO / 03 / Detailed clay, 视图层 | Synchronizing object | Book spine label.016
Fra:1 Mem:191.46M (Peak 191.46M) | Time:00:00.09 | Mem:0.00M, Peak:0.00M | STUDIO / 03 / Detailed clay, 视图层 | Synchronizing object | Book spine label.017
Fra:1 Mem:191.46M (Peak 191.46M) | Time:00:00.09 | Mem:0.00M, Peak:0.00M | STUDIO / 03 / Detailed clay, 视图层 | Synchronizing object | Archive book.018
Fra:1 Mem:191.54M (Peak 191.54M) | Time:00:00.09 | Mem:0.00M, Peak:0.00M | STUDIO / 03 / Detailed clay, 视图层 | Synchronizing object | Book spine label.018
Fra:1 Mem:191.54M (Peak 191.54M) | Time:00:00.09 | Mem:0.00M, Peak:0.00M | STUDIO / 03 / Detailed clay, 视图层 | Synchronizing object | Archive book.019
Fra:1 Mem:191.57M (Peak 191.57M) | Time:00:00.09 | Mem:0.00M, Peak:0.00M | STUDIO / 03 / Detailed clay, 视图层 | Synchronizing object | Book spine label.019
Fra:1 Mem:191.62M (Peak 191.62M) | Time:00:00.09 | Mem:0.00M, Peak:0.00M | STUDIO / 03 / Detailed clay, 视图层 | Synchronizing object | Archive book.020
Fra:1 Mem:191.60M (Peak 191.62M) | Time:00:00.09 | Mem:0.00M, Peak:0.00M | STUDIO / 03 / Detailed clay, 视图层 | Synchronizing object | Book spine label.021
Fra:1 Mem:191.59M (Peak 191.62M) | Time:00:00.09 | Mem:0.00M, Peak:0.00M | STUDIO / 03 / Detailed clay, 视图层 | Synchronizing object | Archive book.022
Fra:1 Mem:191.64M (Peak 191.64M) | Time:00:00.09 | Mem:0.00M, Peak:0.00M | STUDIO / 03 / Detailed clay, 视图层 | Synchronizing object | Archive book.023
Fra:1 Mem:191.62M (Peak 191.64M) | Time:00:00.09 | Mem:0.00M, Peak:0.00M | STUDIO / 03 / Detailed clay, 视图层 | Synchronizing object | Book spine label.023
Fra:1 Mem:191.63M (Peak 191.64M) | Time:00:00.09 | Mem:0.00M, Peak:0.00M | STUDIO / 03 / Detailed clay, 视图层 | Synchronizing object | Archive book.024
Fra:1 Mem:191.69M (Peak 191.69M) | Time:00:00.09 | Mem:0.00M, Peak:0.00M | STUDIO / 03 / Detailed clay, 视图层 | Synchronizing object | Book spine label.024
Fra:1 Mem:191.68M (Peak 191.69M) | Time:00:00.09 | Mem:0.00M, Peak:0.00M | STUDIO / 03 / Detailed clay, 视图层 | Synchronizing object | Archive book.025
Fra:1 Mem:191.68M (Peak 191.69M) | Time:00:00.09 | Mem:0.00M, Peak:0.00M | STUDIO / 03 / Detailed clay, 视图层 | Synchronizing object | Book spine label.025
Fra:1 Mem:191.72M (Peak 191.72M) | Time:00:00.09 | Mem:0.00M, Peak:0.00M | STUDIO / 03 / Detailed clay, 视图层 | Synchronizing object | Archive book.026
Fra:1 Mem:191.79M (Peak 191.78M) | Time:00:00.09 | Mem:0.00M, Peak:0.00M | STUDIO / 03 / Detailed clay, 视图层 | Synchronizing object | Book spine label.026
Fra:1 Mem:191.79M (Peak 191.79M) | Time:00:00.09 | Mem:0.00M, Peak:0.00M | STUDIO / 03 / Detailed clay, 视图层 | Synchronizing object | Book spine label.027
Fra:1 Mem:191.76M (Peak 191.79M) | Time:00:00.09 | Mem:0.00M, Peak:0.00M | STUDIO / 03 / Detailed clay, 视图层 | Synchronizing object | Book spine label.028
Fra:1 Mem:191.82M (Peak 191.82M) | Time:00:00.09 | Mem:0.00M, Peak:0.00M | STUDIO / 03 / Detailed clay, 视图层 | Synchronizing object | Book spine label.029
Fra:1 Mem:191.82M (Peak 191.82M) | Time:00:00.10 | Mem:0.00M, Peak:0.00M | STUDIO / 03 / Detailed clay, 视图层 | Synchronizing object | Archive book.030
Fra:1 Mem:191.86M (Peak 191.86M) | Time:00:00.10 | Mem:0.00M, Peak:0.00M | STUDIO / 03 / Detailed clay, 视图层 | Synchronizing object | Book spine label.030
Fra:1 Mem:191.90M (Peak 191.90M) | Time:00:00.10 | Mem:0.00M, Peak:0.00M | STUDIO / 03 / Detailed clay, 视图层 | Synchronizing object | Archive book.031
Fra:1 Mem:191.88M (Peak 191.90M) | Time:00:00.10 | Mem:0.00M, Peak:0.00M | STUDIO / 03 / Detailed clay, 视图层 | Synchronizing object | Archive book.032
Fra:1 Mem:191.91M (Peak 191.91M) | Time:00:00.10 | Mem:0.00M, Peak:0.00M | STUDIO / 03 / Detailed clay, 视图层 | Synchronizing object | Book spine label.033
Fra:1 Mem:191.97M (Peak 191.97M) | Time:00:00.10 | Mem:0.00M, Peak:0.00M | STUDIO / 03 / Detailed clay, 视图层 | Synchronizing object | Archive book.034
Fra:1 Mem:191.97M (Peak 191.97M) | Time:00:00.10 | Mem:0.00M, Peak:0.00M | STUDIO / 03 / Detailed clay, 视图层 | Synchronizing object | Archive book.035
Fra:1 Mem:191.97M (Peak 191.97M) | Time:00:00.10 | Mem:0.00M, Peak:0.00M | STUDIO / 03 / Detailed clay, 视图层 | Synchronizing object | Book spine label.035
Fra:1 Mem:191.97M (Peak 191.97M) | Time:00:00.10 | Mem:0.00M, Peak:0.00M | STUDIO / 03 / Detailed clay, 视图层 | Synchronizing object | Book spine label.037
Fra:1 Mem:191.97M (Peak 191.97M) | Time:00:00.10 | Mem:0.00M, Peak:0.00M | STUDIO / 03 / Detailed clay, 视图层 | Synchronizing object | Archive book.038
Fra:1 Mem:192.02M (Peak 192.02M) | Time:00:00.10 | Mem:0.00M, Peak:0.00M | STUDIO / 03 / Detailed clay, 视图层 | Synchronizing object | Book spine label.038
Fra:1 Mem:192.05M (Peak 192.05M) | Time:00:00.10 | Mem:0.00M, Peak:0.00M | STUDIO / 03 / Detailed clay, 视图层 | Synchronizing object | Archive book.039
Fra:1 Mem:192.10M (Peak 192.10M) | Time:00:00.10 | Mem:0.00M, Peak:0.00M | STUDIO / 03 / Detailed clay, 视图层 | Synchronizing object | Book spine label.039
Fra:1 Mem:192.12M (Peak 192.12M) | Time:00:00.10 | Mem:0.00M, Peak:0.00M | STUDIO / 03 / Detailed clay, 视图层 | Synchronizing object | Cabinet body.001
Fra:1 Mem:192.14M (Peak 192.14M) | Time:00:00.10 | Mem:0.00M, Peak:0.00M | STUDIO / 03 / Detailed clay, 视图层 | Synchronizing object | Cabinet top.001
Fra:1 Mem:192.12M (Peak 192.14M) | Time:00:00.10 | Mem:0.00M, Peak:0.00M | STUDIO / 03 / Detailed clay, 视图层 | Synchronizing object | Cabinet drawer.004
Fra:1 Mem:192.15M (Peak 192.15M) | Time:00:00.10 | Mem:0.00M, Peak:0.00M | STUDIO / 03 / Detailed clay, 视图层 | Synchronizing object | Cabinet drawer.005
Fra:1 Mem:192.14M (Peak 192.15M) | Time:00:00.10 | Mem:0.00M, Peak:0.00M | STUDIO / 03 / Detailed clay, 视图层 | Synchronizing object | Pull.002
Fra:1 Mem:192.16M (Peak 192.16M) | Time:00:00.10 | Mem:0.00M, Peak:0.00M | STUDIO / 03 / Detailed clay, 视图层 | Synchronizing object | Pull.003
Fra:1 Mem:192.22M (Peak 192.22M) | Time:00:00.10 | Mem:0.00M, Peak:0.00M | STUDIO / 03 / Detailed clay, 视图层 | Synchronizing object | Cabinet drawer.006
Fra:1 Mem:192.24M (Peak 192.24M) | Time:00:00.10 | Mem:0.00M, Peak:0.00M | STUDIO / 03 / Detailed clay, 视图层 | Synchronizing object | Pull.004
Fra:1 Mem:192.27M (Peak 192.27M) | Time:00:00.10 | Mem:0.00M, Peak:0.00M | STUDIO / 03 / Detailed clay, 视图层 | Synchronizing object | Pull.005
帧:1 内存:192.28M (峰值 192.28M) | 时间:00:00.10 | Mem:0.00M, Peak:0.00M | STUDIO / 03 / Detailed clay, 视图层 | Synchronizing object | Photo mount.002
Fra:1 Mem:192.32M (Peak 192.32M) | Time:00:00.10 | Mem:0.00M, Peak:0.00M | STUDIO / 03 / Detailed clay, 视图层 | Synchronizing object | Pull.006
Fra:1 Mem:192.33M (Peak 192.33M) | Time:00:00.10 | Mem:0.00M, Peak:0.00M | STUDIO / 03 / Detailed clay, 视图层 | Synchronizing object | Pull.007
Fra:1 Mem:192.40M (Peak 192.40M) | Time:00:00.10 | Mem:0.00M, Peak:0.00M | STUDIO / 03 / Detailed clay, 视图层 | Synchronizing object | Printer housing.001
Fra:1 Mem:192.37M (Peak 192.40M) | Time:00:00.10 | Mem:0.00M, Peak:0.00M | STUDIO / 03 / Detailed clay, 视图层 | Synchronizing object | Paper slot
Fra:1 Mem:192.46M (Peak 192.46M) | Time:00:00.10 | Mem:0.00M, Peak:0.00M | STUDIO / 03 / Detailed clay, 视图层 | Synchronizing object | Printed page
帧:1 内存:192.44M (峰值 192.46M) | 时间:00:00.10 | Mem:0.00M, Peak:0.00M | STUDIO / 03 / Detailed clay, 视图层 | Synchronizing object | Blank board.004
Fra:1 Mem:192.47M (Peak 192.47M) | Time:00:00.10 | Mem:0.00M, Peak:0.00M | STUDIO / 03 / Detailed clay, 视图层 | Synchronizing object | Control panel
Fra:1 Mem:192.51M (Peak 192.51M) | Time:00:00.10 | Mem:0.00M, Peak:0.00M | STUDIO / 03 / Detailed clay, 视图层 | Synchronizing object | Shelf side.006
Fra:1 Mem:192.54M (Peak 192.54M) | Time:00:00.10 | Mem:0.00M, Peak:0.00M | STUDIO / 03 / Detailed clay, 视图层 | Synchronizing object | Shelf.015
帧:1 内存:192.59M (峰值 192.59M) | 时间:00:00.10 | Mem:0.00M, Peak:0.00M | STUDIO / 03 / Detailed clay, 视图层 | Synchronizing object | Board frame.004
Fra:1 Mem:192.56M (Peak 192.59M) | Time:00:00.10 | Mem:0.00M, Peak:0.00M | STUDIO / 03 / Detailed clay, 视图层 | Synchronizing object | Shelf.016
Fra:1 Mem:192.60M (Peak 192.60M) | Time:00:00.10 | Mem:0.00M, Peak:0.00M | STUDIO / 03 / Detailed clay, 视图层 | Synchronizing object | Shelf.017
Fra:1 Mem:192.62M (Peak 192.62M) | Time:00:00.10 | Mem:0.00M, Peak:0.00M | STUDIO / 03 / Detailed clay, 视图层 | Synchronizing object | Shelf.019
Fra:1 Mem:192.66M (Peak 192.66M) | Time:00:00.10 | Mem:0.00M, Peak:0.00M | STUDIO / 03 / Detailed clay, 视图层 | Synchronizing object | Book spine label.040
Fra:1 Mem:192.61M (Peak 192.66M) | Time:00:00.10 | Mem:0.00M, Peak:0.00M | STUDIO / 03 / Detailed clay, 视图层 | Synchronizing object | Archive book.041
Fra:1 Mem:192.64M (Peak 192.66M) | Time:00:00.10 | Mem:0.00M, Peak:0.00M | STUDIO / 03 / Detailed clay, 视图层 | Synchronizing object | Archive book.042
Fra:1 Mem:192.66M (Peak 192.66M) | Time:00:00.10 | Mem:0.00M, Peak:0.00M | STUDIO / 03 / Detailed clay, 视图层 | Synchronizing object | Book spine label.042
Fra:1 Mem:192.70M (Peak 192.70M) | Time:00:00.10 | Mem:0.00M, Peak:0.00M | STUDIO / 03 / Detailed clay, 视图层 | Synchronizing object | Archive book.043
Fra:1 Mem:192.70M (Peak 192.70M) | Time:00:00.10 | Mem:0.00M, Peak:0.00M | STUDIO / 03 / Detailed clay, 视图层 | Synchronizing object | Book spine label.044
Fra:1 Mem:192.72M (Peak 192.72M) | Time:00:00.10 | Mem:0.00M, Peak:0.00M | STUDIO / 03 / Detailed clay, 视图层 | Synchronizing object | Archive book.045
Fra:1 Mem:192.81M (Peak 192.81M) | Time:00:00.10 | Mem:0.00M, Peak:0.00M | STUDIO / 03 / Detailed clay, 视图层 | Synchronizing object | Archive book.046
Fra:1 Mem:192.79M (Peak 192.81M) | Time:00:00.10 | Mem:0.00M, Peak:0.00M | STUDIO / 03 / Detailed clay, 视图层 | Synchronizing object | Archive book.047
Fra:1 Mem:192.83M (Peak 192.83M) | Time:00:00.10 | Mem:0.00M, Peak:0.00M | STUDIO / 03 / Detailed clay, 视图层 | Synchronizing object | Book spine label.047
Fra:1 Mem:192.82M (Peak 192.83M) | Time:00:00.10 | Mem:0.00M, Peak:0.00M | STUDIO / 03 / Detailed clay, 视图层 | Synchronizing object | Archive book.048
Fra:1 Mem:192.86M (Peak 192.86M) | Time:00:00.10 | Mem:0.00M, Peak:0.00M | STUDIO / 03 / Detailed clay, 视图层 | Synchronizing object | Archive book.049
Fra:1 Mem:192.87M (Peak 192.87M) | Time:00:00.10 | Mem:0.00M, Peak:0.00M | STUDIO / 03 / Detailed clay, 视图层 | Synchronizing object | Archive book.050
帧:1 内存:192.87M (峰值 192.87M) | 时间:00:00.10 | Mem:0.00M, Peak:0.00M | STUDIO / 03 / Detailed clay, 视图层 | Synchronizing object | Blank board.003
Fra:1 Mem:192.93M (Peak 192.93M) | Time:00:00.10 | Mem:0.00M, Peak:0.00M | STUDIO / 03 / Detailed clay, 视图层 | Synchronizing object | Archive book.051
帧:1 内存:192.92M (峰值 192.93M) | 时间:00:00.10 | Mem:0.00M, Peak:0.00M | STUDIO / 03 / Detailed clay, 视图层 | Synchronizing object | Board frame.003
Fra:1 Mem:192.94M (Peak 192.94M) | Time:00:00.10 | Mem:0.00M, Peak:0.00M | STUDIO / 03 / Detailed clay, 视图层 | Synchronizing object | Book spine label.051
Fra:1 Mem:192.99M (Peak 192.99M) | Time:00:00.10 | Mem:0.00M, Peak:0.00M | STUDIO / 03 / Detailed clay, 视图层 | Synchronizing object | Archive book.052
Fra:1 Mem:192.99M (Peak 192.99M) | Time:00:00.10 | Mem:0.00M, Peak:0.00M | STUDIO / 03 / Detailed clay, 视图层 | Synchronizing object | Archive book.054
Fra:1 Mem:193.01M (Peak 193.01M) | Time:00:00.10 | Mem:0.00M, Peak:0.00M | STUDIO / 03 / Detailed clay, 视图层 | Synchronizing object | Photo mount
Fra:1 Mem:193.00M (Peak 193.01M) | Time:00:00.10 | Mem:0.00M, Peak:0.00M | STUDIO / 03 / Detailed clay, 视图层 | Synchronizing object | Archive book.055
Fra:1 Mem:193.06M (Peak 193.06M) | Time:00:00.10 | Mem:0.00M, Peak:0.00M | STUDIO / 03 / Detailed clay, 视图层 | Synchronizing object | Book spine label.055
Fra:1 Mem:193.11M (Peak 193.11M) | Time:00:00.10 | Mem:0.00M, Peak:0.00M | STUDIO / 03 / Detailed clay, 视图层 | Synchronizing object | Archive book.056
Fra:1 Mem:193.10M (Peak 193.11M) | Time:00:00.10 | Mem:0.00M, Peak:0.00M | STUDIO / 03 / Detailed clay, 视图层 | Synchronizing object | Book spine label.056
Fra:1 Mem:193.12M (Peak 193.12M) | Time:00:00.10 | Mem:0.00M, Peak:0.00M | STUDIO / 03 / Detailed clay, 视图层 | Synchronizing object | Book spine label.057
Fra:1 Mem:193.14M (Peak 193.14M) | Time:00:00.10 | Mem:0.00M, Peak:0.00M | STUDIO / 03 / Detailed clay, 视图层 | Synchronizing object | Archive book.058
Fra:1 Mem:193.15M (Peak 193.15M) | Time:00:00.10 | Mem:0.00M, Peak:0.00M | STUDIO / 03 / Detailed clay, 视图层 | Synchronizing object | Book spine label.058
Fra:1 Mem:193.16M (Peak 193.16M) | Time:00:00.10 | Mem:0.00M, Peak:0.00M | STUDIO / 03 / Detailed clay, 视图层 | Synchronizing object | Archive book.060
Fra:1 Mem:193.15M (Peak 193.16M) | Time:00:00.10 | Mem:0.00M, Peak:0.00M | STUDIO / 03 / Detailed clay, 视图层 | Synchronizing object | Book spine label.062
Fra:1 Mem:193.22M (Peak 193.22M) | Time:00:00.10 | Mem:0.00M, Peak:0.00M | STUDIO / 03 / Detailed clay, 视图层 | Synchronizing object | Archive book.063
Fra:1 Mem:193.22M (Peak 193.22M) | Time:00:00.10 | Mem:0.00M, Peak:0.00M | STUDIO / 03 / Detailed clay, 视图层 | Synchronizing object | Book spine label.063
Fra:1 Mem:193.25M (Peak 193.25M) | Time:00:00.10 | Mem:0.00M, Peak:0.00M | STUDIO / 03 / Detailed clay, 视图层 | Synchronizing object | Archive book.064
Fra:1 Mem:193.29M (Peak 193.29M) | Time:00:00.10 | Mem:0.00M, Peak:0.00M | STUDIO / 03 / Detailed clay, 视图层 | Synchronizing object | Book spine label.064
Fra:1 Mem:193.31M (Peak 193.31M) | Time:00:00.10 | Mem:0.00M, Peak:0.00M | STUDIO / 03 / Detailed clay, 视图层 | Synchronizing object | Blank board.002
Fra:1 Mem:193.28M (Peak 193.31M) | Time:00:00.10 | Mem:0.00M, Peak:0.00M | STUDIO / 03 / Detailed clay, 视图层 | Synchronizing object | Book spine label.065
Fra:1 Mem:193.32M (Peak 193.32M) | Time:00:00.10 | Mem:0.00M, Peak:0.00M | STUDIO / 03 / Detailed clay, 视图层 | Synchronizing object | Archive book.066
Fra:1 Mem:193.43M (Peak 193.43M) | Time:00:00.10 | Mem:0.00M, Peak:0.00M | STUDIO / 03 / Detailed clay, 视图层 | Synchronizing object | Book spine label.066
Fra:1 Mem:193.42M (Peak 193.43M) | Time:00:00.10 | Mem:0.00M, Peak:0.00M | STUDIO / 03 / Detailed clay, 视图层 | Synchronizing object | Book spine label.067
Fra:1 Mem:193.48M (Peak 193.48M) | Time:00:00.10 | Mem:0.00M, Peak:0.00M | STUDIO / 03 / Detailed clay, 视图层 | Synchronizing object | Archive book.068
Fra:1 Mem:193.46M (Peak 193.48M) | Time:00:00.10 | Mem:0.00M, Peak:0.00M | STUDIO / 03 / Detailed clay, 视图层 | Synchronizing object | Archive book.069
Fra:1 Mem:193.46M (Peak 193.48M) | Time:00:00.10 | Mem:0.00M, Peak:0.00M | STUDIO / 03 / Detailed clay, 视图层 | Synchronizing object | Archive book.070
Fra:1 Mem:193.49M (Peak 193.49M) | Time:00:00.10 | Mem:0.00M, Peak:0.00M | STUDIO / 03 / Detailed clay, 视图层 | Synchronizing object | Archive book.071
Fra:1 Mem:193.49M (Peak 193.49M) | Time:00:00.10 | Mem:0.00M, Peak:0.00M | STUDIO / 03 / Detailed clay, 视图层 | Synchronizing object | Book spine label.071
Fra:1 Mem:193.52M (Peak 193.52M) | Time:00:00.10 | Mem:0.00M, Peak:0.00M | STUDIO / 03 / Detailed clay, 视图层 | Synchronizing object | Archive book.073
Fra:1 Mem:193.55M (Peak 193.55M) | Time:00:00.10 | Mem:0.00M, Peak:0.00M | STUDIO / 03 / Detailed clay, 视图层 | Synchronizing object | Book spine label.073
Fra:1 Mem:193.61M (Peak 193.61M) | Time:00:00.10 | Mem:0.00M, Peak:0.00M | STUDIO / 03 / Detailed clay, 视图层 | Synchronizing object | Archive book.074
Fra:1 Mem:193.62M (Peak 193.62M) | Time:00:00.10 | Mem:0.00M, Peak:0.00M | STUDIO / 03 / Detailed clay, 视图层 | Synchronizing object | Book spine label.074
Fra:1 Mem:193.61M (Peak 193.62M) | Time:00:00.10 | Mem:0.00M, Peak:0.00M | STUDIO / 03 / Detailed clay, 视图层 | Synchronizing object | Archive book.075
Fra:1 Mem:193.58M (Peak 193.62M) | Time:00:00.10 | Mem:0.00M, Peak:0.00M | STUDIO / 03 / Detailed clay, 视图层 | Synchronizing object | Book spine label.077
Fra:1 Mem:193.61M (Peak 193.62M) | Time:00:00.10 | Mem:0.00M, Peak:0.00M | STUDIO / 03 / Detailed clay, 视图层 | Synchronizing object | Archive book.078
Fra:1 Mem:193.64M (Peak 193.64M) | Time:00:00.10 | Mem:0.00M, Peak:0.00M | STUDIO / 03 / Detailed clay, 视图层 | Synchronizing object | Book spine label.078
Fra:1 Mem:193.70M (Peak 193.70M) | Time:00:00.10 | Mem:0.00M, Peak:0.00M | STUDIO / 03 / Detailed clay, 视图层 | Synchronizing object | Archive book.079
Fra:1 Mem:193.68M (Peak 193.70M) | Time:00:00.10 | Mem:0.00M, Peak:0.00M | STUDIO / 03 / Detailed clay, 视图层 | Synchronizing object | Book spine label.079
Fra:1 Mem:193.74M (Peak 193.73M) | Time:00:00.10 | Mem:0.00M, Peak:0.00M | STUDIO / 03 / Detailed clay, 视图层 | Synchronizing object | Worktop.004
Fra:1 Mem:193.76M (Peak 193.76M) | Time:00:00.10 | Mem:0.00M, Peak:0.00M | STUDIO / 03 / Detailed clay, 视图层 | Synchronizing object | Table leg.009
Fra:1 Mem:193.79M (Peak 193.79M) | Time:00:00.10 | Mem:0.00M, Peak:0.00M | STUDIO / 03 / Detailed clay, 视图层 | Synchronizing object | Table leg.010
Fra:1 Mem:193.80M (Peak 193.80M) | Time:00:00.10 | Mem:0.00M, Peak:0.00M | STUDIO / 03 / Detailed clay, 视图层 | Synchronizing object | Table leg.011
Fra:1 Mem:193.77M (Peak 193.80M) | Time:00:00.10 | Mem:0.00M, Peak:0.00M | STUDIO / 03 / Detailed clay, 视图层 | Synchronizing object | Table cross rail.001
Fra:1 Mem:193.81M (Peak 193.81M) | Time:00:00.10 | Mem:0.00M, Peak:0.00M | STUDIO / 03 / Detailed clay, 视图层 | Synchronizing object | Stool column.001
Fra:1 Mem:193.84M (Peak 193.84M) | Time:00:00.10 | Mem:0.00M, Peak:0.00M | STUDIO / 03 / Detailed clay, 视图层 | Synchronizing object | Stool foot.004
Fra:1 Mem:193.85M (Peak 193.85M) | Time:00:00.10 | Mem:0.00M, Peak:0.00M | STUDIO / 03 / Detailed clay, 视图层 | Synchronizing object | Stool foot.006
Fra:1 Mem:193.89M (Peak 193.89M) | Time:00:00.10 | Mem:0.00M, Peak:0.00M | STUDIO / 03 / Detailed clay, 视图层 | Synchronizing object | Stool foot.007
Fra:1 Mem:193.87M (Peak 193.89M) | Time:00:00.10 | Mem:0.00M, Peak:0.00M | STUDIO / 03 / Detailed clay, 视图层 | Synchronizing object | Blank board.001
Fra:1 Mem:193.95M (Peak 193.95M) | Time:00:00.10 | Mem:0.00M, Peak:0.00M | STUDIO / 03 / Detailed clay, 视图层 | Synchronizing object | Evidence card
Fra:1 Mem:193.96M (Peak 193.96M) | Time:00:00.10 | Mem:0.00M, Peak:0.00M | STUDIO / 03 / Detailed clay, 视图层 | Synchronizing object | Evidence card.002
Fra:1 Mem:194.03M (Peak 194.03M) | Time:00:00.10 | Mem:0.00M, Peak:0.00M | STUDIO / 03 / Detailed clay, 视图层 | Synchronizing object | Evidence card.004
Fra:1 Mem:194.06M (Peak 194.07M) | Time:00:00.10 | Mem:0.00M, Peak:0.00M | STUDIO / 03 / Detailed clay, 视图层 | Synchronizing object | Evidence card.005
Fra:1 Mem:194.07M (Peak 194.07M) | Time:00:00.10 | Mem:0.00M, Peak:0.00M | STUDIO / 03 / Detailed clay, 视图层 | Synchronizing object | Connecting thread.001
Fra:1 Mem:194.24M (Peak 194.24M) | Time:00:00.10 | Mem:0.00M, Peak:0.00M | STUDIO / 03 / Detailed clay, 视图层 | Synchronizing object | Connecting thread.002
帧:1 内存:194.21M (峰值 194.24M) | 时间:00:00.10 | Mem:0.00M, Peak:0.00M | STUDIO / 03 / Detailed clay, 视图层 | Synchronizing object | Board frame.002
Fra:1 Mem:194.29M (Peak 194.29M) | Time:00:00.10 | Mem:0.00M, Peak:0.00M | STUDIO / 03 / Detailed clay, 视图层 | Synchronizing object | Connecting thread.003
Fra:1 Mem:194.28M (Peak 194.29M) | Time:00:00.10 | Mem:0.00M, Peak:0.00M | STUDIO / 03 / Detailed clay, 视图层 | Synchronizing object | Connecting thread.004
Fra:1 Mem:194.34M (Peak 194.34M) | Time:00:00.10 | Mem:0.00M, Peak:0.00M | STUDIO / 03 / Detailed clay, 视图层 | Synchronizing object | Sofa base.001
Fra:1 Mem:194.34M (Peak 194.34M) | Time:00:00.10 | Mem:0.00M, Peak:0.00M | STUDIO / 03 / Detailed clay, 视图层 | Synchronizing object | Sofa back.001
Fra:1 Mem:194.39M (Peak 194.39M) | Time:00:00.10 | Mem:0.00M, Peak:0.00M | STUDIO / 03 / Detailed clay, 视图层 | Synchronizing object | Sofa arm.003
Fra:1 Mem:194.39M (Peak 194.39M) | Time:00:00.10 | Mem:0.00M, Peak:0.00M | STUDIO / 03 / Detailed clay, 视图层 | Synchronizing object | Worktop.005
Fra:1 Mem:194.42M (Peak 194.42M) | Time:00:00.10 | Mem:0.00M, Peak:0.00M | STUDIO / 03 / Detailed clay, 视图层 | Synchronizing object | Table leg.012
Fra:1 Mem:194.41M (Peak 194.42M) | Time:00:00.10 | Mem:0.00M, Peak:0.00M | STUDIO / 03 / Detailed clay, 视图层 | Synchronizing object | Table leg.013
Fra:1 Mem:194.42M (Peak 194.42M) | Time:00:00.10 | Mem:0.00M, Peak:0.00M | STUDIO / 03 / Detailed clay, 视图层 | Synchronizing object | Table cross rail.002
Fra:1 Mem:194.45M (Peak 194.45M) | Time:00:00.10 | Mem:0.00M, Peak:0.00M | STUDIO / 03 / Detailed clay, 视图层 | Synchronizing object | Table leg.014
Fra:1 Mem:194.47M (Peak 194.47M) | Time:00:00.10 | Mem:0.00M, Peak:0.00M | STUDIO / 03 / Detailed clay, 视图层 | Synchronizing object | Table leg.015
Fra:1 Mem:194.45M (Peak 194.47M) | Time:00:00.10 | Mem:0.00M, Peak:0.00M | STUDIO / 03 / Detailed clay, 视图层 | Synchronizing object | Plant stand.002
Fra:1 Mem:194.46M (Peak 194.47M) | Time:00:00.10 | Mem:0.00M, Peak:0.00M | STUDIO / 03 / Detailed clay, 视图层 | Synchronizing object | Leaf petiole
Fra:1 Mem:194.56M (Peak 194.56M) | Time:00:00.10 | Mem:0.00M, Peak:0.00M | STUDIO / 03 / Detailed clay, 视图层 | Synchronizing object | Pointed curved leaf
Fra:1 Mem:194.56M (Peak 194.56M) | Time:00:00.10 | Mem:0.00M, Peak:0.00M | STUDIO / 03 / Detailed clay, 视图层 | Synchronizing object | Leaf petiole.001
Fra:1 Mem:194.57M (Peak 194.57M) | Time:00:00.10 | Mem:0.00M, Peak:0.00M | STUDIO / 03 / Detailed clay, 视图层 | Synchronizing object | Pointed curved leaf.001
Fra:1 Mem:194.62M (Peak 194.62M) | Time:00:00.10 | Mem:0.00M, Peak:0.00M | STUDIO / 03 / Detailed clay, 视图层 | Synchronizing object | Leaf petiole.002
Fra:1 Mem:194.65M (Peak 194.65M) | Time:00:00.10 | Mem:0.00M, Peak:0.00M | STUDIO / 03 / Detailed clay, 视图层 | Synchronizing object | Leaf petiole.003
Fra:1 Mem:194.81M (Peak 194.81M) | Time:00:00.10 | Mem:0.00M, Peak:0.00M | STUDIO / 03 / Detailed clay, 视图层 | Synchronizing object | Leaf petiole.004
Fra:1 Mem:194.81M (Peak 194.81M) | Time:00:00.10 | Mem:0.00M, Peak:0.00M | STUDIO / 03 / Detailed clay, 视图层 | Synchronizing object | Pointed curved leaf.004
Fra:1 Mem:194.79M (Peak 194.81M) | Time:00:00.10 | Mem:0.00M, Peak:0.00M | STUDIO / 03 / Detailed clay, 视图层 | Synchronizing object | Leaf petiole.005
Fra:1 Mem:194.83M (Peak 194.83M) | Time:00:00.10 | Mem:0.00M, Peak:0.00M | STUDIO / 03 / Detailed clay, 视图层 | Synchronizing object | Leaf petiole.006
Fra:1 Mem:194.86M (Peak 194.86M) | Time:00:00.10 | Mem:0.00M, Peak:0.00M | STUDIO / 03 / Detailed clay, 视图层 | Synchronizing object | Leaf petiole.007
Fra:1 Mem:194.95M (Peak 194.95M) | Time:00:00.10 | Mem:0.00M, Peak:0.00M | STUDIO / 03 / Detailed clay, 视图层 | Synchronizing object | Leaf petiole.009
Fra:1 Mem:194.93M (Peak 194.95M) | Time:00:00.10 | Mem:0.00M, Peak:0.00M | STUDIO / 03 / Detailed clay, 视图层 | Synchronizing object | Pointed curved leaf.009
Fra:1 Mem:194.93M (Peak 194.95M) | Time:00:00.10 | Mem:0.00M, Peak:0.00M | STUDIO / 03 / Detailed clay, 视图层 | Synchronizing object | Plant pot.003
Fra:1 Mem:194.95M (Peak 194.95M) | Time:00:00.10 | Mem:0.00M, Peak:0.00M | STUDIO / 03 / Detailed clay, 视图层 | Synchronizing object | Leaf petiole.010
Fra:1 Mem:194.94M (Peak 194.95M) | Time:00:00.10 | Mem:0.00M, Peak:0.00M | STUDIO / 03 / Detailed clay, 视图层 | Synchronizing object | Pointed curved leaf.010
Fra:1 Mem:195.07M (Peak 195.07M) | Time:00:00.10 | Mem:0.00M, Peak:0.00M | STUDIO / 03 / Detailed clay, 视图层 | Synchronizing object | Leaf petiole.011
Fra:1 Mem:195.04M (Peak 195.07M) | Time:00:00.10 | Mem:0.00M, Peak:0.00M | STUDIO / 03 / Detailed clay, 视图层 | Synchronizing object | Leaf petiole.012
Fra:1 Mem:195.08M (Peak 195.08M) | Time:00:00.10 | Mem:0.00M, Peak:0.00M | STUDIO / 03 / Detailed clay, 视图层 | Synchronizing object | Pointed curved leaf.013
Fra:1 Mem:195.09M (Peak 195.09M) | Time:00:00.10 | Mem:0.00M, Peak:0.00M | STUDIO / 03 / Detailed clay, 视图层 | Synchronizing object | Leaf petiole.014
Fra:1 Mem:195.12M (Peak 195.12M) | Time:00:00.10 | Mem:0.00M, Peak:0.00M | STUDIO / 03 / Detailed clay, 视图层 | Synchronizing object | Pointed curved leaf.015
Fra:1 Mem:195.16M (Peak 195.16M) | Time:00:00.10 | Mem:0.00M, Peak:0.00M | STUDIO / 03 / Detailed clay, 视图层 | Synchronizing object | Leaf petiole.017
Fra:1 Mem:195.18M (Peak 195.18M) | Time:00:00.10 | Mem:0.00M, Peak:0.00M | STUDIO / 03 / Detailed clay, 视图层 | Synchronizing object | Pointed curved leaf.017
Fra:1 Mem:195.17M (Peak 195.18M) | Time:00:00.10 | Mem:0.00M, Peak:0.00M | STUDIO / 03 / Detailed clay, 视图层 | Synchronizing object | Leaf petiole.019
帧:1 内存:195.22M (峰值 195.22M) | 时间:00:00.10 | Mem:0.00M, Peak:0.00M | STUDIO / 03 / Detailed clay, 视图层 | Synchronizing object | Miniature furniture.001
Fra:1 Mem:195.19M (Peak 195.22M) | Time:00:00.10 | Mem:0.00M, Peak:0.00M | STUDIO / 03 / Detailed clay, 视图层 | Synchronizing object | Loose document
Fra:1 Mem:195.18M (Peak 195.22M) | Time:00:00.10 | Mem:0.00M, Peak:0.00M | STUDIO / 03 / Detailed clay, 视图层 | Synchronizing object | Loose document.001
Fra:1 Mem:195.20M (Peak 195.22M) | Time:00:00.10 | Mem:0.00M, Peak:0.00M | STUDIO / 03 / Detailed clay, 视图层 | Synchronizing object | Loose document.002
Fra:1 Mem:195.28M (Peak 195.28M) | Time:00:00.10 | Mem:0.00M, Peak:0.00M | STUDIO / 03 / Detailed clay, 视图层 | Synchronizing object | Loose document.003
帧:1 内存:195.25M (峰值 195.28M) | 时间:00:00.10 | Mem:0.00M, Peak:0.00M | STUDIO / 03 / Detailed clay, 视图层 | Synchronizing object | Miniature furniture
Fra:1 Mem:195.35M (Peak 195.35M) | Time:00:00.10 | Mem:0.00M, Peak:0.00M | STUDIO / 03 / Detailed clay, 视图层 | Synchronizing object | Mug
Fra:1 Mem:195.35M (Peak 195.35M) | Time:00:00.10 | Mem:0.00M, Peak:0.00M | STUDIO / 03 / Detailed clay, 视图层 | Synchronizing object | Desk lamp foot
Fra:1 Mem:195.31M (Peak 195.35M) | Time:00:00.10 | Mem:0.00M, Peak:0.00M | STUDIO / 03 / Detailed clay, 视图层 | Synchronizing object | Desk lamp stem
Fra:1 Mem:195.41M (Peak 195.41M) | Time:00:00.10 | Mem:0.00M, Peak:0.00M | STUDIO / 03 / Detailed clay, 视图层 | Synchronizing object | Desk lamp shade
Fra:1 Mem:195.39M (Peak 195.41M) | Time:00:00.10 | Mem:0.00M, Peak:0.00M | STUDIO / 03 / Detailed clay, 视图层 | Synchronizing object | Miniature side wall
Fra:1 Mem:195.37M (Peak 195.41M) | Time:00:00.10 | Mem:0.00M, Peak:0.00M | STUDIO / 03 / Detailed clay, 视图层 | Synchronizing object | Closed journal
Fra:1 Mem:195.38M (Peak 195.41M) | Time:00:00.10 | Mem:0.00M, Peak:0.00M | STUDIO / 03 / Detailed clay, 视图层 | Synchronizing object | Sofa seat cushion.001
Fra:1 Mem:195.40M (Peak 195.41M) | Time:00:00.10 | Mem:0.00M, Peak:0.00M | STUDIO / 03 / Detailed clay, 视图层 | Synchronizing object | Sofa seat cushion.002
Fra:1 Mem:195.40M (Peak 195.41M) | Time:00:00.10 | Mem:0.00M, Peak:0.00M | STUDIO / 03 / Detailed clay, 视图层 | Synchronizing object | Loose sofa cushion.001
Fra:1 Mem:195.44M (Peak 195.44M) | Time:00:00.10 | Mem:0.00M, Peak:0.00M | STUDIO / 03 / Detailed clay, 视图层 | Synchronizing object | Workbench cutting mat
Fra:1 Mem:195.46M (Peak 195.46M) | Time:00:00.10 | Mem:0.00M, Peak:0.00M | STUDIO / 03 / Detailed clay, 视图层 | Synchronizing object | Miniature floor
Fra:1 Mem:195.46M (Peak 195.46M) | Time:00:00.10 | Mem:0.00M, Peak:0.00M | STUDIO / 03 / Detailed clay, 视图层 | Synchronizing object | Miniature back wall
帧:1 内存:195.80M (峰值 195.80M) | 时间:00:00.10 | Mem:0.00M, Peak:0.00M | STUDIO / 03 / Detailed clay, 视图层 | Initializing
Fra:1 Mem:168.65M (Peak 195.80M) | Time:00:00.11 | Mem:0.00M, Peak:0.00M | STUDIO / 03 / Detailed clay, 视图层 | Waiting for render to start
Fra:1 Mem:168.65M (Peak 195.80M) | Time:00:00.11 | Mem:0.00M, Peak:0.00M | STUDIO / 03 / Detailed clay, 视图层 | Updating Scene
Fra:1 Mem:168.65M (Peak 195.80M) | Time:00:00.11 | Mem:0.00M, Peak:0.00M | STUDIO / 03 / Detailed clay, 视图层 | Updating Shaders
Fra:1 Mem:168.65M (Peak 195.80M) | Time:00:00.11 | Mem:0.00M, Peak:0.00M | STUDIO / 03 / Detailed clay, 视图层 | Loading render kernels (may take a few minutes the first time)
Fra:1 Mem:168.74M (Peak 196.76M) | Time:00:00.19 | Mem:0.00M, Peak:0.00M | STUDIO / 03 / Detailed clay, 视图层 | Updating Procedurals
Fra:1 Mem:168.74M (Peak 196.76M) | Time:00:00.19 | Mem:0.00M, Peak:0.00M | STUDIO / 03 / Detailed clay, 视图层 | Updating Background
Fra:1 Mem:168.74M (Peak 196.76M) | Time:00:00.19 | Mem:0.00M, Peak:0.00M | STUDIO / 03 / Detailed clay, 视图层 | Updating Camera
Fra:1 Mem:168.74M (Peak 196.76M) | Time:00:00.19 | Mem:0.00M, Peak:0.00M | STUDIO / 03 / Detailed clay, 视图层 | Updating Meshes Flags
Fra:1 Mem:168.74M (Peak 196.76M) | Time:00:00.19 | Mem:0.00M, Peak:0.00M | STUDIO / 03 / Detailed clay, 视图层 | Updating Objects
Fra:1 Mem:168.74M (Peak 196.76M) | Time:00:00.19 | Mem:0.00M, Peak:0.00M | STUDIO / 03 / Detailed clay, 视图层 | Updating Objects | Copying Transformations to device
Fra:1 Mem:168.88M (Peak 196.76M) | Time:00:00.19 | Mem:0.14M, Peak:0.14M | STUDIO / 03 / Detailed clay, 视图层 | Updating Particle Systems
Fra:1 Mem:168.88M (Peak 196.76M) | Time:00:00.19 | Mem:0.14M, Peak:0.14M | STUDIO / 03 / Detailed clay, 视图层 | Updating Particle Systems | Copying Particles to device
Fra:1 Mem:168.88M (Peak 196.76M) | Time:00:00.19 | Mem:0.14M, Peak:0.14M | STUDIO / 03 / Detailed clay, 视图层 | Updating Meshes
Fra:1 Mem:168.88M (Peak 196.76M) | Time:00:00.19 | Mem:0.14M, Peak:0.14M | STUDIO / 03 / Detailed clay, 视图层 | Updating Objects | Applying Static Transformations
Fra:1 Mem:168.88M (Peak 196.76M) | Time:00:00.19 | Mem:0.14M, Peak:0.14M | STUDIO / 03 / Detailed clay, 视图层 | Updating Mesh | Computing attributes
Fra:1 Mem:170.27M (Peak 196.76M) | Time:00:00.19 | Mem:0.17M, Peak:0.17M | STUDIO / 03 / Detailed clay, 视图层 | Updating Mesh | Copying Attributes to device
Fra:1 Mem:170.21M (Peak 196.76M) | Time:00:00.19 | Mem:1.47M, Peak:1.47M | STUDIO / 03 / Detailed clay, 视图层 | Updating Scene BVH | Building
Fra:1 Mem:170.22M (Peak 196.76M) | Time:00:00.19 | Mem:1.47M, Peak:1.47M | STUDIO / 03 / Detailed clay, 视图层 | Updating Scene BVH | Building BVH
Fra:1 Mem:173.66M (Peak 196.76M) | Time:00:00.21 | Mem:1.47M, Peak:1.47M | STUDIO / 03 / Detailed clay, 视图层 | Updating Scene BVH | Packing BVH triangles and strands
Fra:1 Mem:173.89M (Peak 196.76M) | Time:00:00.21 | Mem:1.47M, Peak:1.47M | STUDIO / 03 / Detailed clay, 视图层 | Updating Scene BVH | Packing BVH nodes
Fra:1 Mem:174.01M (Peak 196.76M) | Time:00:00.21 | Mem:1.47M, Peak:1.47M | STUDIO / 03 / Detailed clay, 视图层 | Updating Scene BVH | Copying BVH to device
Fra:1 Mem:174.01M (Peak 196.76M) | Time:00:00.21 | Mem:3.36M, Peak:3.36M | STUDIO / 03 / Detailed clay, 视图层 | Updating Mesh | Computing normals
Fra:1 Mem:177.51M (Peak 196.76M) | Time:00:00.22 | Mem:3.36M, Peak:3.36M | STUDIO / 03 / Detailed clay, 视图层 | Updating Mesh | Copying Mesh to device
Fra:1 Mem:177.51M (Peak 196.76M) | Time:00:00.22 | Mem:6.87M, Peak:6.87M | STUDIO / 03 / Detailed clay, 视图层 | Updating Objects Flags
Fra:1 Mem:177.51M (Peak 196.76M) | Time:00:00.22 | Mem:6.87M, Peak:6.87M | STUDIO / 03 / Detailed clay, 视图层 | Updating Primitive Offsets
Fra:1 Mem:177.52M (Peak 196.76M) | Time:00:00.22 | Mem:6.88M, Peak:6.88M | STUDIO / 03 / Detailed clay, 视图层 | Updating Images
Fra:1 Mem:177.52M (Peak 196.76M) | Time:00:00.22 | Mem:6.88M, Peak:6.88M | STUDIO / 03 / Detailed clay, 视图层 | Updating Camera Volume
Fra:1 Mem:177.52M (Peak 196.76M) | Time:00:00.22 | Mem:6.88M, Peak:6.88M | STUDIO / 03 / Detailed clay, 视图层 | Updating Lookup Tables
Fra:1 Mem:177.52M (Peak 196.76M) | Time:00:00.22 | Mem:6.96M, Peak:6.96M | STUDIO / 03 / Detailed clay, 视图层 | Updating Lights
Fra:1 Mem:177.52M (Peak 196.76M) | Time:00:00.22 | Mem:6.96M, Peak:6.96M | STUDIO / 03 / Detailed clay, 视图层 | Updating Lights | Computing tree
Fra:1 Mem:177.52M (Peak 196.76M) | Time:00:00.22 | Mem:6.96M, Peak:6.96M | STUDIO / 03 / Detailed clay, 视图层 | Updating Integrator
Fra:1 Mem:177.52M (Peak 196.76M) | Time:00:00.22 | Mem:6.96M, Peak:6.96M | STUDIO / 03 / Detailed clay, 视图层 | Updating Film
Fra:1 Mem:177.53M (Peak 196.76M) | Time:00:00.22 | Mem:6.88M, Peak:6.96M | STUDIO / 03 / Detailed clay, 视图层 | Updating Lookup Tables
Fra:1 Mem:177.53M (Peak 196.76M) | Time:00:00.22 | Mem:6.97M, Peak:6.97M | STUDIO / 03 / Detailed clay, 视图层 | Updating Baking
Fra:1 Mem:177.53M (Peak 196.76M) | Time:00:00.22 | Mem:6.97M, Peak:6.97M | STUDIO / 03 / Detailed clay, 视图层 | Updating Device | Writing constant memory
Fra:1 Mem:177.54M (Peak 196.76M) | Time:00:00.22 | Mem:6.97M, Peak:6.97M | STUDIO / 03 / Detailed clay, 视图层 | Loading denoising kernels (may take a few minutes the first time)
Fra:1 Mem:185.23M (Peak 196.76M) | Time:00:00.23 | Mem:683.47M, Peak:683.47M | STUDIO / 03 / Detailed clay, 视图层 | Sample 0/40
Fra:1 Mem:250.46M (Peak 250.46M) | Time:00:00.25 | Remaining:00:00.62 | Mem:748.70M, Peak:748.70M | STUDIO / 03 / Detailed clay, 视图层 | Sample 1/40
Fra:1 Mem:277.94M (Peak 319.14M) | Time:00:01.83 | Mem:748.71M, Peak:748.71M | STUDIO / 03 / Detailed clay, 视图层 | Sample 40/40
Fra:1 Mem:277.94M (Peak 319.14M) | Time:00:01.83 | Mem:748.71M, Peak:748.71M | STUDIO / 03 / Detailed clay, 视图层 | Finished
Saved: 'E:\GodotProject\悬疑建造\design\presentation\process\renders\studio-stage-3.png'
Time: 00:01.95 (Saving: 00:00.05)

PROCESS_RENDER_DONE studio-stage-3
PROCESS_RENDER_START office-stage-1
Fra:1 Mem:190.65M (Peak 190.65M) | Time:00:00.06 | Mem:0.00M, Peak:0.00M | OFFICE / 01 / Occupancy blocks, 视图层 | Synchronizing object | Large studio key.003
Fra:1 Mem:190.65M (Peak 190.65M) | Time:00:00.06 | Mem:0.00M, Peak:0.00M | OFFICE / 01 / Occupancy blocks, 视图层 | Synchronizing object | Rear wall.003
Fra:1 Mem:190.65M (Peak 190.65M) | Time:00:00.06 | Mem:0.00M, Peak:0.00M | OFFICE / 01 / Occupancy blocks, 视图层 | Synchronizing object | Small cabinet
Fra:1 Mem:190.65M (Peak 190.65M) | Time:00:00.06 | Mem:0.00M, Peak:0.00M | OFFICE / 01 / Occupancy blocks, 视图层 | Synchronizing object | Tall cabinet
Fra:1 Mem:190.66M (Peak 190.66M) | Time:00:00.06 | Mem:0.00M, Peak:0.00M | OFFICE / 01 / Occupancy blocks, 视图层 | Synchronizing object | Wastebasket
Fra:1 Mem:190.66M (Peak 190.66M) | Time:00:00.06 | Mem:0.00M, Peak:0.00M | OFFICE / 01 / Occupancy blocks, 视图层 | Synchronizing object | Noticeboard
帧:1 内存:190.67M (峰值 190.67M) | 时间:00:00.06 | Mem:0.00M, Peak:0.00M | OFFICE / 01 / Occupancy blocks, 视图层 | Initializing
Fra:1 Mem:189.97M (Peak 190.67M) | Time:00:00.06 | Mem:0.00M, Peak:0.00M | OFFICE / 01 / Occupancy blocks, 视图层 | Waiting for render to start
Fra:1 Mem:189.97M (Peak 190.67M) | Time:00:00.06 | Mem:0.00M, Peak:0.00M | OFFICE / 01 / Occupancy blocks, 视图层 | Updating Scene
Fra:1 Mem:189.97M (Peak 190.67M) | Time:00:00.06 | Mem:0.00M, Peak:0.00M | OFFICE / 01 / Occupancy blocks, 视图层 | Updating Shaders
Fra:1 Mem:189.97M (Peak 190.67M) | Time:00:00.06 | Mem:0.00M, Peak:0.00M | OFFICE / 01 / Occupancy blocks, 视图层 | Loading render kernels (may take a few minutes the first time)
Fra:1 Mem:190.06M (Peak 218.08M) | Time:00:00.14 | Mem:0.00M, Peak:0.00M | OFFICE / 01 / Occupancy blocks, 视图层 | Updating Procedurals
Fra:1 Mem:190.06M (Peak 218.08M) | Time:00:00.14 | Mem:0.00M, Peak:0.00M | OFFICE / 01 / Occupancy blocks, 视图层 | Updating Background
Fra:1 Mem:190.06M (Peak 218.08M) | Time:00:00.14 | Mem:0.00M, Peak:0.00M | OFFICE / 01 / Occupancy blocks, 视图层 | Updating Camera
Fra:1 Mem:190.06M (Peak 218.08M) | Time:00:00.14 | Mem:0.00M, Peak:0.00M | OFFICE / 01 / Occupancy blocks, 视图层 | Updating Meshes Flags
Fra:1 Mem:190.06M (Peak 218.08M) | Time:00:00.14 | Mem:0.00M, Peak:0.00M | OFFICE / 01 / Occupancy blocks, 视图层 | Updating Objects
Fra:1 Mem:190.06M (Peak 218.08M) | Time:00:00.14 | Mem:0.00M, Peak:0.00M | OFFICE / 01 / Occupancy blocks, 视图层 | Updating Objects | Copying Transformations to device
Fra:1 Mem:190.06M (Peak 218.08M) | Time:00:00.14 | Mem:0.01M, Peak:0.01M | OFFICE / 01 / Occupancy blocks, 视图层 | Updating Particle Systems
Fra:1 Mem:190.06M (Peak 218.08M) | Time:00:00.14 | Mem:0.01M, Peak:0.01M | OFFICE / 01 / Occupancy blocks, 视图层 | Updating Particle Systems | Copying Particles to device
Fra:1 Mem:190.06M (Peak 218.08M) | Time:00:00.14 | Mem:0.01M, Peak:0.01M | OFFICE / 01 / Occupancy blocks, 视图层 | Updating Meshes
Fra:1 Mem:190.06M (Peak 218.08M) | Time:00:00.14 | Mem:0.01M, Peak:0.01M | OFFICE / 01 / Occupancy blocks, 视图层 | Updating Objects | Applying Static Transformations
Fra:1 Mem:190.06M (Peak 218.08M) | Time:00:00.14 | Mem:0.01M, Peak:0.01M | OFFICE / 01 / Occupancy blocks, 视图层 | Updating Mesh | Computing attributes
Fra:1 Mem:190.06M (Peak 218.08M) | Time:00:00.14 | Mem:0.01M, Peak:0.01M | OFFICE / 01 / Occupancy blocks, 视图层 | Updating Mesh | Copying Attributes to device
Fra:1 Mem:190.06M (Peak 218.08M) | Time:00:00.14 | Mem:0.01M, Peak:0.01M | OFFICE / 01 / Occupancy blocks, 视图层 | Updating Scene BVH | Building
Fra:1 Mem:190.06M (Peak 218.08M) | Time:00:00.14 | Mem:0.01M, Peak:0.01M | OFFICE / 01 / Occupancy blocks, 视图层 | Updating Scene BVH | Building BVH
Fra:1 Mem:190.07M (Peak 218.08M) | Time:00:00.14 | Mem:0.01M, Peak:0.01M | OFFICE / 01 / Occupancy blocks, 视图层 | Updating Scene BVH | Packing BVH triangles and strands
Fra:1 Mem:190.07M (Peak 218.08M) | Time:00:00.14 | Mem:0.01M, Peak:0.01M | OFFICE / 01 / Occupancy blocks, 视图层 | Updating Scene BVH | Packing BVH nodes
Fra:1 Mem:190.07M (Peak 218.08M) | Time:00:00.14 | Mem:0.01M, Peak:0.01M | OFFICE / 01 / Occupancy blocks, 视图层 | Updating Scene BVH | Copying BVH to device
Fra:1 Mem:190.07M (Peak 218.08M) | Time:00:00.14 | Mem:0.01M, Peak:0.01M | OFFICE / 01 / Occupancy blocks, 视图层 | Updating Mesh | Computing normals
Fra:1 Mem:190.08M (Peak 218.08M) | Time:00:00.14 | Mem:0.01M, Peak:0.01M | OFFICE / 01 / Occupancy blocks, 视图层 | Updating Mesh | Copying Mesh to device
Fra:1 Mem:190.08M (Peak 218.08M) | Time:00:00.14 | Mem:0.02M, Peak:0.02M | OFFICE / 01 / Occupancy blocks, 视图层 | Updating Objects Flags
Fra:1 Mem:190.08M (Peak 218.08M) | Time:00:00.14 | Mem:0.02M, Peak:0.02M | OFFICE / 01 / Occupancy blocks, 视图层 | Updating Primitive Offsets
Fra:1 Mem:190.08M (Peak 218.08M) | Time:00:00.14 | Mem:0.02M, Peak:0.02M | OFFICE / 01 / Occupancy blocks, 视图层 | Updating Images
Fra:1 Mem:190.08M (Peak 218.08M) | Time:00:00.14 | Mem:0.02M, Peak:0.02M | OFFICE / 01 / Occupancy blocks, 视图层 | Updating Camera Volume
Fra:1 Mem:190.08M (Peak 218.08M) | Time:00:00.14 | Mem:0.02M, Peak:0.02M | OFFICE / 01 / Occupancy blocks, 视图层 | Updating Lookup Tables
Fra:1 Mem:190.08M (Peak 218.08M) | Time:00:00.14 | Mem:0.10M, Peak:0.10M | OFFICE / 01 / Occupancy blocks, 视图层 | Updating Lights
Fra:1 Mem:190.08M (Peak 218.08M) | Time:00:00.14 | Mem:0.10M, Peak:0.10M | OFFICE / 01 / Occupancy blocks, 视图层 | Updating Lights | Computing tree
Fra:1 Mem:190.08M (Peak 218.08M) | Time:00:00.14 | Mem:0.10M, Peak:0.10M | OFFICE / 01 / Occupancy blocks, 视图层 | Updating Integrator
Fra:1 Mem:190.08M (Peak 218.08M) | Time:00:00.14 | Mem:0.10M, Peak:0.10M | OFFICE / 01 / Occupancy blocks, 视图层 | Updating Film
Fra:1 Mem:190.08M (Peak 218.08M) | Time:00:00.14 | Mem:0.02M, Peak:0.10M | OFFICE / 01 / Occupancy blocks, 视图层 | Updating Lookup Tables
Fra:1 Mem:190.08M (Peak 218.08M) | Time:00:00.14 | Mem:0.11M, Peak:0.11M | OFFICE / 01 / Occupancy blocks, 视图层 | Updating Baking
Fra:1 Mem:190.08M (Peak 218.08M) | Time:00:00.14 | Mem:0.11M, Peak:0.11M | OFFICE / 01 / Occupancy blocks, 视图层 | Updating Device | Writing constant memory
Fra:1 Mem:190.09M (Peak 218.08M) | Time:00:00.14 | Mem:0.11M, Peak:0.11M | OFFICE / 01 / Occupancy blocks, 视图层 | Loading denoising kernels (may take a few minutes the first time)
Fra:1 Mem:197.78M (Peak 218.08M) | Time:00:00.16 | Mem:676.61M, Peak:676.61M | OFFICE / 01 / Occupancy blocks, 视图层 | Sample 0/40
Fra:1 Mem:263.01M (Peak 263.01M) | Time:00:00.17 | Remaining:00:00.57 | Mem:741.84M, Peak:741.84M | OFFICE / 01 / Occupancy blocks, 视图层 | Sample 1/40
Fra:1 Mem:290.49M (Peak 331.69M) | Time:00:01.68 | Mem:741.84M, Peak:741.84M | OFFICE / 01 / Occupancy blocks, 视图层 | Sample 40/40
Fra:1 Mem:290.49M (Peak 331.69M) | Time:00:01.68 | Mem:741.84M, Peak:741.84M | OFFICE / 01 / Occupancy blocks, 视图层 | Finished
Saved: 'E:\GodotProject\悬疑建造\design\presentation\process\renders\office-stage-1.png'
Time: 00:01.79 (Saving: 00:00.05)

PROCESS_RENDER_DONE office-stage-1
PROCESS_RENDER_START office-stage-2
Fra:1 Mem:221.01M (Peak 221.01M) | Time:00:00.06 | Mem:0.00M, Peak:0.00M | OFFICE / 02 / Form and structure, 视图层 | Synchronizing object | Large studio key.004
Fra:1 Mem:221.01M (Peak 221.01M) | Time:00:00.06 | Mem:0.00M, Peak:0.00M | OFFICE / 02 / Form and structure, 视图层 | Synchronizing object | Rear wall.004
Fra:1 Mem:221.01M (Peak 221.01M) | Time:00:00.06 | Mem:0.00M, Peak:0.00M | OFFICE / 02 / Form and structure, 视图层 | Synchronizing object | Window pier.004
Fra:1 Mem:221.02M (Peak 221.02M) | Time:00:00.06 | Mem:0.00M, Peak:0.00M | OFFICE / 02 / Form and structure, 视图层 | Synchronizing object | Window pane.002
Fra:1 Mem:221.03M (Peak 221.03M) | Time:00:00.06 | Mem:0.00M, Peak:0.00M | OFFICE / 02 / Form and structure, 视图层 | Synchronizing object | Window mullion.007
Fra:1 Mem:221.08M (Peak 221.08M) | Time:00:00.06 | Mem:0.00M, Peak:0.00M | OFFICE / 02 / Form and structure, 视图层 | Synchronizing object | Drawer front.012
Fra:1 Mem:221.06M (Peak 221.08M) | Time:00:00.06 | Mem:0.00M, Peak:0.00M | OFFICE / 02 / Form and structure, 视图层 | Synchronizing object | Drawer front.013
Fra:1 Mem:221.09M (Peak 221.09M) | Time:00:00.06 | Mem:0.00M, Peak:0.00M | OFFICE / 02 / Form and structure, 视图层 | Synchronizing object | Desk pedestal.005
Fra:1 Mem:221.18M (Peak 221.18M) | Time:00:00.06 | Mem:0.00M, Peak:0.00M | OFFICE / 02 / Form and structure, 视图层 | Synchronizing object | Drawer front.016
Fra:1 Mem:221.17M (Peak 221.18M) | Time:00:00.06 | Mem:0.00M, Peak:0.00M | OFFICE / 02 / Form and structure, 视图层 | Synchronizing object | Monitor housing.002
Fra:1 Mem:221.20M (Peak 221.20M) | Time:00:00.06 | Mem:0.00M, Peak:0.00M | OFFICE / 02 / Form and structure, 视图层 | Synchronizing object | Blank screen.002
Fra:1 Mem:221.21M (Peak 221.21M) | Time:00:00.06 | Mem:0.00M, Peak:0.00M | OFFICE / 02 / Form and structure, 视图层 | Synchronizing object | Office chair seat.002
Fra:1 Mem:221.21M (Peak 221.21M) | Time:00:00.06 | Mem:0.00M, Peak:0.00M | OFFICE / 02 / Form and structure, 视图层 | Synchronizing object | Chair stem.002
Fra:1 Mem:221.25M (Peak 221.25M) | Time:00:00.06 | Mem:0.00M, Peak:0.00M | OFFICE / 02 / Form and structure, 视图层 | Synchronizing object | Chair foot.010
Fra:1 Mem:221.29M (Peak 221.29M) | Time:00:00.06 | Mem:0.00M, Peak:0.00M | OFFICE / 02 / Form and structure, 视图层 | Synchronizing object | Chair foot.011
帧:1 内存:221.32M (峰值 221.32M) | 时间:00:00.06 | Mem:0.00M, Peak:0.00M | OFFICE / 02 / Form and structure, 视图层 | Synchronizing object | Foliage mass.002
Fra:1 Mem:221.33M (Peak 221.33M) | Time:00:00.06 | Mem:0.00M, Peak:0.00M | OFFICE / 02 / Form and structure, 视图层 | Synchronizing object | Chair foot.012
Fra:1 Mem:221.32M (Peak 221.33M) | Time:00:00.06 | Mem:0.00M, Peak:0.00M | OFFICE / 02 / Form and structure, 视图层 | Synchronizing object | Chair foot.014
Fra:1 Mem:221.32M (Peak 221.33M) | Time:00:00.06 | Mem:0.00M, Peak:0.00M | OFFICE / 02 / Form and structure, 视图层 | Synchronizing object | Shelf back.004
Fra:1 Mem:221.39M (Peak 221.39M) | Time:00:00.06 | Mem:0.00M, Peak:0.00M | OFFICE / 02 / Form and structure, 视图层 | Synchronizing object | Shelf side.008
Fra:1 Mem:221.40M (Peak 221.40M) | Time:00:00.06 | Mem:0.00M, Peak:0.00M | OFFICE / 02 / Form and structure, 视图层 | Synchronizing object | Shelf side.009
Fra:1 Mem:221.41M (Peak 221.41M) | Time:00:00.06 | Mem:0.00M, Peak:0.00M | OFFICE / 02 / Form and structure, 视图层 | Synchronizing object | Shelf.020
Fra:1 Mem:221.41M (Peak 221.41M) | Time:00:00.06 | Mem:0.00M, Peak:0.00M | OFFICE / 02 / Form and structure, 视图层 | Synchronizing object | Shelf.021
Fra:1 Mem:221.45M (Peak 221.45M) | Time:00:00.06 | Mem:0.00M, Peak:0.00M | OFFICE / 02 / Form and structure, 视图层 | Synchronizing object | Shelf.023
Fra:1 Mem:221.46M (Peak 221.46M) | Time:00:00.06 | Mem:0.00M, Peak:0.00M | OFFICE / 02 / Form and structure, 视图层 | Synchronizing object | Cabinet body.003
Fra:1 Mem:221.58M (Peak 221.58M) | Time:00:00.06 | Mem:0.00M, Peak:0.00M | OFFICE / 02 / Form and structure, 视图层 | Synchronizing object | Cabinet top.003
帧:1 内存:221.62M (峰值 221.62M) | 时间:00:00.06 | Mem:0.00M, Peak:0.00M | OFFICE / 02 / Form and structure, 视图层 | Synchronizing object | Cabinet drawer.011
Fra:1 Mem:221.63M (Peak 221.63M) | Time:00:00.06 | Mem:0.00M, Peak:0.00M | OFFICE / 02 / Form and structure, 视图层 | Synchronizing object | Printer housing.002
Fra:1 Mem:221.66M (Peak 221.66M) | Time:00:00.06 | Mem:0.00M, Peak:0.00M | OFFICE / 02 / Form and structure, 视图层 | Synchronizing object | Scanner lid.002
Fra:1 Mem:221.74M (Peak 221.74M) | Time:00:00.06 | Mem:0.00M, Peak:0.00M | OFFICE / 02 / Form and structure, 视图层 | Synchronizing object | Water dispenser
Fra:1 Mem:221.72M (Peak 221.74M) | Time:00:00.06 | Mem:0.00M, Peak:0.00M | OFFICE / 02 / Form and structure, 视图层 | Synchronizing object | Bottle shoulder
Fra:1 Mem:221.69M (Peak 221.74M) | Time:00:00.06 | Mem:0.00M, Peak:0.00M | OFFICE / 02 / Form and structure, 视图层 | Synchronizing object | Water bottle
Fra:1 Mem:221.76M (Peak 221.76M) | Time:00:00.06 | Mem:0.00M, Peak:0.00M | OFFICE / 02 / Form and structure, 视图层 | Synchronizing object | Tap
Fra:1 Mem:221.80M (Peak 221.80M) | Time:00:00.06 | Mem:0.00M, Peak:0.00M | OFFICE / 02 / Form and structure, 视图层 | Synchronizing object | Tap.001
Fra:1 Mem:221.78M (Peak 221.80M) | Time:00:00.06 | Mem:0.00M, Peak:0.00M | OFFICE / 02 / Form and structure, 视图层 | Synchronizing object | Blank board.005
Fra:1 Mem:221.85M (Peak 221.85M) | Time:00:00.06 | Mem:0.00M, Peak:0.00M | OFFICE / 02 / Form and structure, 视图层 | Synchronizing object | Wastebasket.001
帧:1 内存:222.07M (峰值 222.07M) | 时间:00:00.06 | Mem:0.00M, Peak:0.00M | OFFICE / 02 / Form and structure, 视图层 | Initializing
Fra:1 Mem:218.42M (Peak 222.07M) | Time:00:00.07 | Mem:0.00M, Peak:0.00M | OFFICE / 02 / Form and structure, 视图层 | Waiting for render to start
Fra:1 Mem:218.42M (Peak 222.07M) | Time:00:00.07 | Mem:0.00M, Peak:0.00M | OFFICE / 02 / Form and structure, 视图层 | Updating Scene
Fra:1 Mem:218.42M (Peak 222.07M) | Time:00:00.07 | Mem:0.00M, Peak:0.00M | OFFICE / 02 / Form and structure, 视图层 | Updating Shaders
Fra:1 Mem:218.42M (Peak 222.07M) | Time:00:00.07 | Mem:0.00M, Peak:0.00M | OFFICE / 02 / Form and structure, 视图层 | Loading render kernels (may take a few minutes the first time)
Fra:1 Mem:218.51M (Peak 246.53M) | Time:00:00.14 | Mem:0.00M, Peak:0.00M | OFFICE / 02 / Form and structure, 视图层 | Updating Procedurals
Fra:1 Mem:218.51M (Peak 246.53M) | Time:00:00.14 | Mem:0.00M, Peak:0.00M | OFFICE / 02 / Form and structure, 视图层 | Updating Background
Fra:1 Mem:218.51M (Peak 246.53M) | Time:00:00.14 | Mem:0.00M, Peak:0.00M | OFFICE / 02 / Form and structure, 视图层 | Updating Camera
Fra:1 Mem:218.51M (Peak 246.53M) | Time:00:00.14 | Mem:0.00M, Peak:0.00M | OFFICE / 02 / Form and structure, 视图层 | Updating Meshes Flags
Fra:1 Mem:218.51M (Peak 246.53M) | Time:00:00.14 | Mem:0.00M, Peak:0.00M | OFFICE / 02 / Form and structure, 视图层 | Updating Objects
Fra:1 Mem:218.51M (Peak 246.53M) | Time:00:00.14 | Mem:0.00M, Peak:0.00M | OFFICE / 02 / Form and structure, 视图层 | Updating Objects | Copying Transformations to device
Fra:1 Mem:218.52M (Peak 246.53M) | Time:00:00.14 | Mem:0.02M, Peak:0.02M | OFFICE / 02 / Form and structure, 视图层 | Updating Particle Systems
Fra:1 Mem:218.52M (Peak 246.53M) | Time:00:00.14 | Mem:0.02M, Peak:0.02M | OFFICE / 02 / Form and structure, 视图层 | Updating Particle Systems | Copying Particles to device
Fra:1 Mem:218.52M (Peak 246.53M) | Time:00:00.14 | Mem:0.02M, Peak:0.02M | OFFICE / 02 / Form and structure, 视图层 | Updating Meshes
Fra:1 Mem:218.52M (Peak 246.53M) | Time:00:00.14 | Mem:0.02M, Peak:0.02M | OFFICE / 02 / Form and structure, 视图层 | Updating Objects | Applying Static Transformations
Fra:1 Mem:218.52M (Peak 246.53M) | Time:00:00.14 | Mem:0.02M, Peak:0.02M | OFFICE / 02 / Form and structure, 视图层 | Updating Mesh | Computing attributes
Fra:1 Mem:218.73M (Peak 246.53M) | Time:00:00.14 | Mem:0.02M, Peak:0.02M | OFFICE / 02 / Form and structure, 视图层 | Updating Mesh | Copying Attributes to device
Fra:1 Mem:218.72M (Peak 246.53M) | Time:00:00.14 | Mem:0.22M, Peak:0.22M | OFFICE / 02 / Form and structure, 视图层 | Updating Scene BVH | Building
Fra:1 Mem:218.73M (Peak 246.53M) | Time:00:00.14 | Mem:0.22M, Peak:0.22M | OFFICE / 02 / Form and structure, 视图层 | Updating Scene BVH | Building BVH
Fra:1 Mem:219.24M (Peak 246.53M) | Time:00:00.14 | Mem:0.22M, Peak:0.22M | OFFICE / 02 / Form and structure, 视图层 | Updating Scene BVH | Packing BVH triangles and strands
Fra:1 Mem:219.28M (Peak 246.53M) | Time:00:00.14 | Mem:0.22M, Peak:0.22M | OFFICE / 02 / Form and structure, 视图层 | Updating Scene BVH | Packing BVH nodes
Fra:1 Mem:219.31M (Peak 246.53M) | Time:00:00.14 | Mem:0.22M, Peak:0.22M | OFFICE / 02 / Form and structure, 视图层 | Updating Scene BVH | Copying BVH to device
Fra:1 Mem:219.31M (Peak 246.53M) | Time:00:00.15 | Mem:0.51M, Peak:0.51M | OFFICE / 02 / Form and structure, 视图层 | Updating Mesh | Computing normals
Fra:1 Mem:219.84M (Peak 246.53M) | Time:00:00.15 | Mem:0.51M, Peak:0.51M | OFFICE / 02 / Form and structure, 视图层 | Updating Mesh | Copying Mesh to device
Fra:1 Mem:219.84M (Peak 246.53M) | Time:00:00.15 | Mem:1.05M, Peak:1.05M | OFFICE / 02 / Form and structure, 视图层 | Updating Objects Flags
Fra:1 Mem:219.84M (Peak 246.53M) | Time:00:00.15 | Mem:1.05M, Peak:1.05M | OFFICE / 02 / Form and structure, 视图层 | Updating Primitive Offsets
Fra:1 Mem:219.84M (Peak 246.53M) | Time:00:00.15 | Mem:1.05M, Peak:1.05M | OFFICE / 02 / Form and structure, 视图层 | Updating Images
Fra:1 Mem:219.84M (Peak 246.53M) | Time:00:00.15 | Mem:1.05M, Peak:1.05M | OFFICE / 02 / Form and structure, 视图层 | Updating Camera Volume
Fra:1 Mem:219.84M (Peak 246.53M) | Time:00:00.15 | Mem:1.05M, Peak:1.05M | OFFICE / 02 / Form and structure, 视图层 | Updating Lookup Tables
Fra:1 Mem:219.84M (Peak 246.53M) | Time:00:00.15 | Mem:1.13M, Peak:1.13M | OFFICE / 02 / Form and structure, 视图层 | Updating Lights
Fra:1 Mem:219.84M (Peak 246.53M) | Time:00:00.15 | Mem:1.13M, Peak:1.13M | OFFICE / 02 / Form and structure, 视图层 | Updating Lights | Computing tree
Fra:1 Mem:219.84M (Peak 246.53M) | Time:00:00.15 | Mem:1.13M, Peak:1.13M | OFFICE / 02 / Form and structure, 视图层 | Updating Integrator
Fra:1 Mem:219.84M (Peak 246.53M) | Time:00:00.15 | Mem:1.13M, Peak:1.13M | OFFICE / 02 / Form and structure, 视图层 | Updating Film
Fra:1 Mem:219.84M (Peak 246.53M) | Time:00:00.15 | Mem:1.05M, Peak:1.13M | OFFICE / 02 / Form and structure, 视图层 | Updating Lookup Tables
Fra:1 Mem:219.84M (Peak 246.53M) | Time:00:00.15 | Mem:1.13M, Peak:1.13M | OFFICE / 02 / Form and structure, 视图层 | Updating Baking
Fra:1 Mem:219.84M (Peak 246.53M) | Time:00:00.15 | Mem:1.13M, Peak:1.13M | OFFICE / 02 / Form and structure, 视图层 | Updating Device | Writing constant memory
Fra:1 Mem:219.85M (Peak 246.53M) | Time:00:00.15 | Mem:1.13M, Peak:1.13M | OFFICE / 02 / Form and structure, 视图层 | Loading denoising kernels (may take a few minutes the first time)
Fra:1 Mem:227.54M (Peak 246.53M) | Time:00:00.16 | Mem:677.64M, Peak:677.64M | OFFICE / 02 / Form and structure, 视图层 | Sample 0/40
Fra:1 Mem:292.77M (Peak 292.77M) | Time:00:00.17 | Remaining:00:00.50 | Mem:742.87M, Peak:742.87M | OFFICE / 02 / Form and structure, 视图层 | Sample 1/40
Fra:1 Mem:320.25M (Peak 361.45M) | Time:00:01.56 | Mem:742.87M, Peak:742.87M | OFFICE / 02 / Form and structure, 视图层 | Sample 40/40
Fra:1 Mem:320.25M (Peak 361.45M) | Time:00:01.56 | Mem:742.87M, Peak:742.87M | OFFICE / 02 / Form and structure, 视图层 | Finished
Saved: 'E:\GodotProject\悬疑建造\design\presentation\process\renders\office-stage-2.png'
Time: 00:01.67 (Saving: 00:00.05)

PROCESS_RENDER_DONE office-stage-2
PROCESS_RENDER_START office-stage-3
Fra:1 Mem:260.13M (Peak 264.87M) | Time:00:00.07 | Mem:0.00M, Peak:0.00M | OFFICE / 03 / Detailed clay, 视图层 | Synchronizing object | Large studio key.005
Fra:1 Mem:260.13M (Peak 264.87M) | Time:00:00.07 | Mem:0.00M, Peak:0.00M | OFFICE / 03 / Detailed clay, 视图层 | Synchronizing object | Rear wall.005
Fra:1 Mem:260.14M (Peak 264.87M) | Time:00:00.07 | Mem:0.00M, Peak:0.00M | OFFICE / 03 / Detailed clay, 视图层 | Synchronizing object | Side wall upper.003
Fra:1 Mem:260.14M (Peak 264.87M) | Time:00:00.07 | Mem:0.00M, Peak:0.00M | OFFICE / 03 / Detailed clay, 视图层 | Synchronizing object | Window mullion.009
Fra:1 Mem:260.16M (Peak 264.87M) | Time:00:00.07 | Mem:0.00M, Peak:0.00M | OFFICE / 03 / Detailed clay, 视图层 | Synchronizing object | Window mullion.011
Fra:1 Mem:260.20M (Peak 264.87M) | Time:00:00.07 | Mem:0.00M, Peak:0.00M | OFFICE / 03 / Detailed clay, 视图层 | Synchronizing object | Window crossbar.011
Fra:1 Mem:260.20M (Peak 264.87M) | Time:00:00.07 | Mem:0.00M, Peak:0.00M | OFFICE / 03 / Detailed clay, 视图层 | Synchronizing object | Rear wall trim.002
Fra:1 Mem:260.22M (Peak 264.87M) | Time:00:00.07 | Mem:0.00M, Peak:0.00M | OFFICE / 03 / Detailed clay, 视图层 | Synchronizing object | Rear panel seam.005
Fra:1 Mem:260.23M (Peak 264.87M) | Time:00:00.07 | Mem:0.00M, Peak:0.00M | OFFICE / 03 / Detailed clay, 视图层 | Synchronizing object | Rear panel seam.007
Fra:1 Mem:260.25M (Peak 264.87M) | Time:00:00.07 | Mem:0.00M, Peak:0.00M | OFFICE / 03 / Detailed clay, 视图层 | Synchronizing object | Rear panel seam.009
Fra:1 Mem:260.29M (Peak 264.87M) | Time:00:00.07 | Mem:0.00M, Peak:0.00M | OFFICE / 03 / Detailed clay, 视图层 | Synchronizing object | Venetian slat.010
Fra:1 Mem:260.28M (Peak 264.87M) | Time:00:00.07 | Mem:0.00M, Peak:0.00M | OFFICE / 03 / Detailed clay, 视图层 | Synchronizing object | Venetian slat.013
Fra:1 Mem:260.29M (Peak 264.87M) | Time:00:00.07 | Mem:0.00M, Peak:0.00M | OFFICE / 03 / Detailed clay, 视图层 | Synchronizing object | Venetian slat.015
Fra:1 Mem:260.32M (Peak 264.87M) | Time:00:00.07 | Mem:0.00M, Peak:0.00M | OFFICE / 03 / Detailed clay, 视图层 | Synchronizing object | Venetian slat.016
Fra:1 Mem:260.35M (Peak 264.87M) | Time:00:00.07 | Mem:0.00M, Peak:0.00M | OFFICE / 03 / Detailed clay, 视图层 | Synchronizing object | Venetian slat.018
Fra:1 Mem:260.34M (Peak 264.87M) | Time:00:00.07 | Mem:0.00M, Peak:0.00M | OFFICE / 03 / Detailed clay, 视图层 | Synchronizing object | Venetian slat.019
Fra:1 Mem:260.41M (Peak 264.87M) | Time:00:00.07 | Mem:0.00M, Peak:0.00M | OFFICE / 03 / Detailed clay, 视图层 | Synchronizing object | Floor seam.021
Fra:1 Mem:260.45M (Peak 264.87M) | Time:00:00.07 | Mem:0.00M, Peak:0.00M | OFFICE / 03 / Detailed clay, 视图层 | Synchronizing object | Plank joint.106
Fra:1 Mem:260.45M (Peak 264.87M) | Time:00:00.07 | Mem:0.00M, Peak:0.00M | OFFICE / 03 / Detailed clay, 视图层 | Synchronizing object | Plank joint.107
Fra:1 Mem:260.45M (Peak 264.87M) | Time:00:00.07 | Mem:0.00M, Peak:0.00M | OFFICE / 03 / Detailed clay, 视图层 | Synchronizing object | Plank joint.108
Fra:1 Mem:260.47M (Peak 264.87M) | Time:00:00.07 | Mem:0.00M, Peak:0.00M | OFFICE / 03 / Detailed clay, 视图层 | Synchronizing object | Plank joint.110
Fra:1 Mem:260.49M (Peak 264.87M) | Time:00:00.07 | Mem:0.00M, Peak:0.00M | OFFICE / 03 / Detailed clay, 视图层 | Synchronizing object | Plank joint.112
Fra:1 Mem:260.50M (Peak 264.87M) | Time:00:00.07 | Mem:0.00M, Peak:0.00M | OFFICE / 03 / Detailed clay, 视图层 | Synchronizing object | Plank joint.113
Fra:1 Mem:260.48M (Peak 264.87M) | Time:00:00.07 | Mem:0.00M, Peak:0.00M | OFFICE / 03 / Detailed clay, 视图层 | Synchronizing object | Plank joint.115
Fra:1 Mem:260.50M (Peak 264.87M) | Time:00:00.07 | Mem:0.00M, Peak:0.00M | OFFICE / 03 / Detailed clay, 视图层 | Synchronizing object | Plank joint.118
Fra:1 Mem:260.50M (Peak 264.87M) | Time:00:00.07 | Mem:0.00M, Peak:0.00M | OFFICE / 03 / Detailed clay, 视图层 | Synchronizing object | Plank joint.119
Fra:1 Mem:260.50M (Peak 264.87M) | Time:00:00.07 | Mem:0.00M, Peak:0.00M | OFFICE / 03 / Detailed clay, 视图层 | Synchronizing object | Plank joint.120
Fra:1 Mem:260.49M (Peak 264.87M) | Time:00:00.07 | Mem:0.00M, Peak:0.00M | OFFICE / 03 / Detailed clay, 视图层 | Synchronizing object | Plank joint.121
Fra:1 Mem:260.49M (Peak 264.87M) | Time:00:00.07 | Mem:0.00M, Peak:0.00M | OFFICE / 03 / Detailed clay, 视图层 | Synchronizing object | Plank joint.122
Fra:1 Mem:260.50M (Peak 264.87M) | Time:00:00.07 | Mem:0.00M, Peak:0.00M | OFFICE / 03 / Detailed clay, 视图层 | Synchronizing object | Plank joint.124
Fra:1 Mem:260.50M (Peak 264.87M) | Time:00:00.07 | Mem:0.00M, Peak:0.00M | OFFICE / 03 / Detailed clay, 视图层 | Synchronizing object | Floor seam.025
Fra:1 Mem:260.54M (Peak 264.87M) | Time:00:00.07 | Mem:0.00M, Peak:0.00M | OFFICE / 03 / Detailed clay, 视图层 | Synchronizing object | Plank joint.126
Fra:1 Mem:260.53M (Peak 264.87M) | Time:00:00.07 | Mem:0.00M, Peak:0.00M | OFFICE / 03 / Detailed clay, 视图层 | Synchronizing object | Plank joint.127
Fra:1 Mem:260.53M (Peak 264.87M) | Time:00:00.07 | Mem:0.00M, Peak:0.00M | OFFICE / 03 / Detailed clay, 视图层 | Synchronizing object | Plank joint.128
Fra:1 Mem:260.53M (Peak 264.87M) | Time:00:00.07 | Mem:0.00M, Peak:0.00M | OFFICE / 03 / Detailed clay, 视图层 | Synchronizing object | Plank joint.129
Fra:1 Mem:260.53M (Peak 264.87M) | Time:00:00.07 | Mem:0.00M, Peak:0.00M | OFFICE / 03 / Detailed clay, 视图层 | Synchronizing object | Plank joint.131
Fra:1 Mem:260.56M (Peak 264.87M) | Time:00:00.07 | Mem:0.00M, Peak:0.00M | OFFICE / 03 / Detailed clay, 视图层 | Synchronizing object | Plank joint.132
Fra:1 Mem:260.55M (Peak 264.87M) | Time:00:00.07 | Mem:0.00M, Peak:0.00M | OFFICE / 03 / Detailed clay, 视图层 | Synchronizing object | Plank joint.133
Fra:1 Mem:260.57M (Peak 264.87M) | Time:00:00.07 | Mem:0.00M, Peak:0.00M | OFFICE / 03 / Detailed clay, 视图层 | Synchronizing object | Plank joint.134
Fra:1 Mem:260.58M (Peak 264.87M) | Time:00:00.07 | Mem:0.00M, Peak:0.00M | OFFICE / 03 / Detailed clay, 视图层 | Synchronizing object | Floor seam.027
Fra:1 Mem:260.57M (Peak 264.87M) | Time:00:00.07 | Mem:0.00M, Peak:0.00M | OFFICE / 03 / Detailed clay, 视图层 | Synchronizing object | Plank joint.135
Fra:1 Mem:260.59M (Peak 264.87M) | Time:00:00.07 | Mem:0.00M, Peak:0.00M | OFFICE / 03 / Detailed clay, 视图层 | Synchronizing object | Plank joint.136
Fra:1 Mem:260.58M (Peak 264.87M) | Time:00:00.07 | Mem:0.00M, Peak:0.00M | OFFICE / 03 / Detailed clay, 视图层 | Synchronizing object | Plank joint.137
Fra:1 Mem:260.60M (Peak 264.87M) | Time:00:00.07 | Mem:0.00M, Peak:0.00M | OFFICE / 03 / Detailed clay, 视图层 | Synchronizing object | Plank joint.139
Fra:1 Mem:260.59M (Peak 264.87M) | Time:00:00.07 | Mem:0.00M, Peak:0.00M | OFFICE / 03 / Detailed clay, 视图层 | Synchronizing object | Floor seam.028
Fra:1 Mem:260.59M (Peak 264.87M) | Time:00:00.07 | Mem:0.00M, Peak:0.00M | OFFICE / 03 / Detailed clay, 视图层 | Synchronizing object | Plank joint.140
Fra:1 Mem:260.61M (Peak 264.87M) | Time:00:00.07 | Mem:0.00M, Peak:0.00M | OFFICE / 03 / Detailed clay, 视图层 | Synchronizing object | Plank joint.141
Fra:1 Mem:260.61M (Peak 264.87M) | Time:00:00.07 | Mem:0.00M, Peak:0.00M | OFFICE / 03 / Detailed clay, 视图层 | Synchronizing object | Plank joint.142
Fra:1 Mem:260.61M (Peak 264.87M) | Time:00:00.07 | Mem:0.00M, Peak:0.00M | OFFICE / 03 / Detailed clay, 视图层 | Synchronizing object | Plank joint.147
Fra:1 Mem:260.61M (Peak 264.87M) | Time:00:00.07 | Mem:0.00M, Peak:0.00M | OFFICE / 03 / Detailed clay, 视图层 | Synchronizing object | Plank joint.149
Fra:1 Mem:260.61M (Peak 264.87M) | Time:00:00.07 | Mem:0.00M, Peak:0.00M | OFFICE / 03 / Detailed clay, 视图层 | Synchronizing object | Floor seam.030
Fra:1 Mem:260.62M (Peak 264.87M) | Time:00:00.07 | Mem:0.00M, Peak:0.00M | OFFICE / 03 / Detailed clay, 视图层 | Synchronizing object | Plank joint.151
Fra:1 Mem:260.62M (Peak 264.87M) | Time:00:00.07 | Mem:0.00M, Peak:0.00M | OFFICE / 03 / Detailed clay, 视图层 | Synchronizing object | Plank joint.152
Fra:1 Mem:260.62M (Peak 264.87M) | Time:00:00.07 | Mem:0.00M, Peak:0.00M | OFFICE / 03 / Detailed clay, 视图层 | Synchronizing object | Plank joint.153
Fra:1 Mem:260.62M (Peak 264.87M) | Time:00:00.07 | Mem:0.00M, Peak:0.00M | OFFICE / 03 / Detailed clay, 视图层 | Synchronizing object | Plank joint.154
Fra:1 Mem:260.62M (Peak 264.87M) | Time:00:00.07 | Mem:0.00M, Peak:0.00M | OFFICE / 03 / Detailed clay, 视图层 | Synchronizing object | Floor seam.031
Fra:1 Mem:260.62M (Peak 264.87M) | Time:00:00.07 | Mem:0.00M, Peak:0.00M | OFFICE / 03 / Detailed clay, 视图层 | Synchronizing object | Plank joint.155
Fra:1 Mem:260.63M (Peak 264.87M) | Time:00:00.07 | Mem:0.00M, Peak:0.00M | OFFICE / 03 / Detailed clay, 视图层 | Synchronizing object | Plank joint.157
Fra:1 Mem:260.63M (Peak 264.87M) | Time:00:00.07 | Mem:0.00M, Peak:0.00M | OFFICE / 03 / Detailed clay, 视图层 | Synchronizing object | Plank joint.158
Fra:1 Mem:260.63M (Peak 264.87M) | Time:00:00.07 | Mem:0.00M, Peak:0.00M | OFFICE / 03 / Detailed clay, 视图层 | Synchronizing object | Plank joint.159
Fra:1 Mem:260.63M (Peak 264.87M) | Time:00:00.07 | Mem:0.00M, Peak:0.00M | OFFICE / 03 / Detailed clay, 视图层 | Synchronizing object | Floor seam.032
Fra:1 Mem:260.63M (Peak 264.87M) | Time:00:00.07 | Mem:0.00M, Peak:0.00M | OFFICE / 03 / Detailed clay, 视图层 | Synchronizing object | Plank joint.161
Fra:1 Mem:260.64M (Peak 264.87M) | Time:00:00.07 | Mem:0.00M, Peak:0.00M | OFFICE / 03 / Detailed clay, 视图层 | Synchronizing object | Plank joint.162
Fra:1 Mem:260.64M (Peak 264.87M) | Time:00:00.07 | Mem:0.00M, Peak:0.00M | OFFICE / 03 / Detailed clay, 视图层 | Synchronizing object | Floor seam.033
Fra:1 Mem:260.64M (Peak 264.87M) | Time:00:00.07 | Mem:0.00M, Peak:0.00M | OFFICE / 03 / Detailed clay, 视图层 | Synchronizing object | Plank joint.165
Fra:1 Mem:260.64M (Peak 264.87M) | Time:00:00.07 | Mem:0.00M, Peak:0.00M | OFFICE / 03 / Detailed clay, 视图层 | Synchronizing object | Plank joint.166
Fra:1 Mem:260.64M (Peak 264.87M) | Time:00:00.07 | Mem:0.00M, Peak:0.00M | OFFICE / 03 / Detailed clay, 视图层 | Synchronizing object | Plank joint.167
Fra:1 Mem:260.65M (Peak 264.87M) | Time:00:00.07 | Mem:0.00M, Peak:0.00M | OFFICE / 03 / Detailed clay, 视图层 | Synchronizing object | Plank joint.168
Fra:1 Mem:260.65M (Peak 264.87M) | Time:00:00.07 | Mem:0.00M, Peak:0.00M | OFFICE / 03 / Detailed clay, 视图层 | Synchronizing object | Plank joint.169
Fra:1 Mem:260.65M (Peak 264.87M) | Time:00:00.07 | Mem:0.00M, Peak:0.00M | OFFICE / 03 / Detailed clay, 视图层 | Synchronizing object | Floor seam.034
Fra:1 Mem:260.65M (Peak 264.87M) | Time:00:00.07 | Mem:0.00M, Peak:0.00M | OFFICE / 03 / Detailed clay, 视图层 | Synchronizing object | Plank joint.170
Fra:1 Mem:260.65M (Peak 264.87M) | Time:00:00.07 | Mem:0.00M, Peak:0.00M | OFFICE / 03 / Detailed clay, 视图层 | Synchronizing object | Plank joint.172
Fra:1 Mem:260.66M (Peak 264.87M) | Time:00:00.07 | Mem:0.00M, Peak:0.00M | OFFICE / 03 / Detailed clay, 视图层 | Synchronizing object | Plank joint.173
Fra:1 Mem:260.66M (Peak 264.87M) | Time:00:00.07 | Mem:0.00M, Peak:0.00M | OFFICE / 03 / Detailed clay, 视图层 | Synchronizing object | Plank joint.174
Fra:1 Mem:260.66M (Peak 264.87M) | Time:00:00.07 | Mem:0.00M, Peak:0.00M | OFFICE / 03 / Detailed clay, 视图层 | Synchronizing object | Plank joint.175
Fra:1 Mem:260.66M (Peak 264.87M) | Time:00:00.07 | Mem:0.00M, Peak:0.00M | OFFICE / 03 / Detailed clay, 视图层 | Synchronizing object | Plank joint.176
Fra:1 Mem:260.66M (Peak 264.87M) | Time:00:00.07 | Mem:0.00M, Peak:0.00M | OFFICE / 03 / Detailed clay, 视图层 | Synchronizing object | Plank joint.177
Fra:1 Mem:260.67M (Peak 264.87M) | Time:00:00.07 | Mem:0.00M, Peak:0.00M | OFFICE / 03 / Detailed clay, 视图层 | Synchronizing object | Plank joint.178
Fra:1 Mem:260.67M (Peak 264.87M) | Time:00:00.07 | Mem:0.00M, Peak:0.00M | OFFICE / 03 / Detailed clay, 视图层 | Synchronizing object | Floor seam.036
Fra:1 Mem:260.67M (Peak 264.87M) | Time:00:00.07 | Mem:0.00M, Peak:0.00M | OFFICE / 03 / Detailed clay, 视图层 | Synchronizing object | Plank joint.182
Fra:1 Mem:260.67M (Peak 264.87M) | Time:00:00.07 | Mem:0.00M, Peak:0.00M | OFFICE / 03 / Detailed clay, 视图层 | Synchronizing object | Plank joint.183
Fra:1 Mem:260.68M (Peak 264.87M) | Time:00:00.07 | Mem:0.00M, Peak:0.00M | OFFICE / 03 / Detailed clay, 视图层 | Synchronizing object | Plank joint.184
Fra:1 Mem:260.68M (Peak 264.87M) | Time:00:00.07 | Mem:0.00M, Peak:0.00M | OFFICE / 03 / Detailed clay, 视图层 | Synchronizing object | Floor seam.037
Fra:1 Mem:260.68M (Peak 264.87M) | Time:00:00.07 | Mem:0.00M, Peak:0.00M | OFFICE / 03 / Detailed clay, 视图层 | Synchronizing object | Plank joint.185
Fra:1 Mem:260.68M (Peak 264.87M) | Time:00:00.07 | Mem:0.00M, Peak:0.00M | OFFICE / 03 / Detailed clay, 视图层 | Synchronizing object | Plank joint.186
Fra:1 Mem:260.68M (Peak 264.87M) | Time:00:00.07 | Mem:0.00M, Peak:0.00M | OFFICE / 03 / Detailed clay, 视图层 | Synchronizing object | Plank joint.187
Fra:1 Mem:260.68M (Peak 264.87M) | Time:00:00.07 | Mem:0.00M, Peak:0.00M | OFFICE / 03 / Detailed clay, 视图层 | Synchronizing object | Plank joint.189
Fra:1 Mem:260.69M (Peak 264.87M) | Time:00:00.07 | Mem:0.00M, Peak:0.00M | OFFICE / 03 / Detailed clay, 视图层 | Synchronizing object | Plank joint.190
Fra:1 Mem:260.69M (Peak 264.87M) | Time:00:00.07 | Mem:0.00M, Peak:0.00M | OFFICE / 03 / Detailed clay, 视图层 | Synchronizing object | Plank joint.191
Fra:1 Mem:260.69M (Peak 264.87M) | Time:00:00.07 | Mem:0.00M, Peak:0.00M | OFFICE / 03 / Detailed clay, 视图层 | Synchronizing object | Plank joint.192
Fra:1 Mem:260.69M (Peak 264.87M) | Time:00:00.07 | Mem:0.00M, Peak:0.00M | OFFICE / 03 / Detailed clay, 视图层 | Synchronizing object | Plank joint.194
Fra:1 Mem:260.69M (Peak 264.87M) | Time:00:00.07 | Mem:0.00M, Peak:0.00M | OFFICE / 03 / Detailed clay, 视图层 | Synchronizing object | Worktop.007
Fra:1 Mem:260.70M (Peak 264.87M) | Time:00:00.07 | Mem:0.00M, Peak:0.00M | OFFICE / 03 / Detailed clay, 视图层 | Synchronizing object | Desk pedestal.006
Fra:1 Mem:260.72M (Peak 264.87M) | Time:00:00.07 | Mem:0.00M, Peak:0.00M | OFFICE / 03 / Detailed clay, 视图层 | Synchronizing object | Drawer front.018
Fra:1 Mem:260.74M (Peak 264.87M) | Time:00:00.07 | Mem:0.00M, Peak:0.00M | OFFICE / 03 / Detailed clay, 视图层 | Synchronizing object | Drawer handle.006
Fra:1 Mem:260.78M (Peak 264.87M) | Time:00:00.07 | Mem:0.00M, Peak:0.00M | OFFICE / 03 / Detailed clay, 视图层 | Synchronizing object | Drawer front.019
Fra:1 Mem:260.79M (Peak 264.87M) | Time:00:00.07 | Mem:0.00M, Peak:0.00M | OFFICE / 03 / Detailed clay, 视图层 | Synchronizing object | Drawer handle.007
Fra:1 Mem:260.80M (Peak 264.87M) | Time:00:00.07 | Mem:0.00M, Peak:0.00M | OFFICE / 03 / Detailed clay, 视图层 | Synchronizing object | Drawer front.020
Fra:1 Mem:260.80M (Peak 264.87M) | Time:00:00.07 | Mem:0.00M, Peak:0.00M | OFFICE / 03 / Detailed clay, 视图层 | Synchronizing object | Drawer handle.009
Fra:1 Mem:260.82M (Peak 264.87M) | Time:00:00.07 | Mem:0.00M, Peak:0.00M | OFFICE / 03 / Detailed clay, 视图层 | Synchronizing object | Drawer front.022
Fra:1 Mem:260.90M (Peak 264.87M) | Time:00:00.07 | Mem:0.00M, Peak:0.00M | OFFICE / 03 / Detailed clay, 视图层 | Synchronizing object | Drawer handle.010
Fra:1 Mem:260.85M (Peak 264.87M) | Time:00:00.07 | Mem:0.00M, Peak:0.00M | OFFICE / 03 / Detailed clay, 视图层 | Synchronizing object | Drawer front.023
Fra:1 Mem:260.86M (Peak 264.87M) | Time:00:00.07 | Mem:0.00M, Peak:0.00M | OFFICE / 03 / Detailed clay, 视图层 | Synchronizing object | Monitor housing.003
Fra:1 Mem:260.89M (Peak 264.87M) | Time:00:00.07 | Mem:0.00M, Peak:0.00M | OFFICE / 03 / Detailed clay, 视图层 | Synchronizing object | Blank screen.003
Fra:1 Mem:260.91M (Peak 264.87M) | Time:00:00.07 | Mem:0.00M, Peak:0.00M | OFFICE / 03 / Detailed clay, 视图层 | Synchronizing object | Screen stand.003
Fra:1 Mem:260.92M (Peak 264.87M) | Time:00:00.07 | Mem:0.00M, Peak:0.00M | OFFICE / 03 / Detailed clay, 视图层 | Synchronizing object | Keyboard.003
Fra:1 Mem:260.96M (Peak 264.87M) | Time:00:00.07 | Mem:0.00M, Peak:0.00M | OFFICE / 03 / Detailed clay, 视图层 | Synchronizing object | Keyboard key.049
Fra:1 Mem:260.95M (Peak 264.87M) | Time:00:00.07 | Mem:0.00M, Peak:0.00M | OFFICE / 03 / Detailed clay, 视图层 | Synchronizing object | Keyboard key.050
Fra:1 Mem:260.96M (Peak 264.87M) | Time:00:00.07 | Mem:0.00M, Peak:0.00M | OFFICE / 03 / Detailed clay, 视图层 | Synchronizing object | Keyboard key.051
Fra:1 Mem:260.96M (Peak 264.87M) | Time:00:00.07 | Mem:0.00M, Peak:0.00M | OFFICE / 03 / Detailed clay, 视图层 | Synchronizing object | Keyboard key.052
Fra:1 Mem:260.98M (Peak 264.87M) | Time:00:00.07 | Mem:0.00M, Peak:0.00M | OFFICE / 03 / Detailed clay, 视图层 | Synchronizing object | Keyboard key.053
Fra:1 Mem:261.03M (Peak 264.87M) | Time:00:00.07 | Mem:0.00M, Peak:0.00M | OFFICE / 03 / Detailed clay, 视图层 | Synchronizing object | Keyboard key.054
Fra:1 Mem:261.01M (Peak 264.87M) | Time:00:00.07 | Mem:0.00M, Peak:0.00M | OFFICE / 03 / Detailed clay, 视图层 | Synchronizing object | Keyboard key.055
Fra:1 Mem:261.04M (Peak 264.87M) | Time:00:00.07 | Mem:0.00M, Peak:0.00M | OFFICE / 03 / Detailed clay, 视图层 | Synchronizing object | Keyboard key.056
Fra:1 Mem:261.05M (Peak 264.87M) | Time:00:00.07 | Mem:0.00M, Peak:0.00M | OFFICE / 03 / Detailed clay, 视图层 | Synchronizing object | Keyboard key.057
Fra:1 Mem:261.05M (Peak 264.87M) | Time:00:00.07 | Mem:0.00M, Peak:0.00M | OFFICE / 03 / Detailed clay, 视图层 | Synchronizing object | Keyboard key.058
Fra:1 Mem:261.07M (Peak 264.87M) | Time:00:00.07 | Mem:0.00M, Peak:0.00M | OFFICE / 03 / Detailed clay, 视图层 | Synchronizing object | Keyboard key.061
Fra:1 Mem:261.13M (Peak 264.87M) | Time:00:00.07 | Mem:0.00M, Peak:0.00M | OFFICE / 03 / Detailed clay, 视图层 | Synchronizing object | Keyboard key.062
Fra:1 Mem:261.12M (Peak 264.87M) | Time:00:00.07 | Mem:0.00M, Peak:0.00M | OFFICE / 03 / Detailed clay, 视图层 | Synchronizing object | Keyboard key.063
Fra:1 Mem:261.19M (Peak 264.87M) | Time:00:00.07 | Mem:0.00M, Peak:0.00M | OFFICE / 03 / Detailed clay, 视图层 | Synchronizing object | Keyboard key.064
Fra:1 Mem:261.21M (Peak 264.87M) | Time:00:00.07 | Mem:0.00M, Peak:0.00M | OFFICE / 03 / Detailed clay, 视图层 | Synchronizing object | Keyboard key.065
Fra:1 Mem:261.21M (Peak 264.87M) | Time:00:00.07 | Mem:0.00M, Peak:0.00M | OFFICE / 03 / Detailed clay, 视图层 | Synchronizing object | Keyboard key.066
Fra:1 Mem:261.26M (Peak 264.87M) | Time:00:00.07 | Mem:0.00M, Peak:0.00M | OFFICE / 03 / Detailed clay, 视图层 | Synchronizing object | Keyboard key.067
Fra:1 Mem:261.25M (Peak 264.87M) | Time:00:00.07 | Mem:0.00M, Peak:0.00M | OFFICE / 03 / Detailed clay, 视图层 | Synchronizing object | Keyboard key.068
Fra:1 Mem:261.28M (Peak 264.87M) | Time:00:00.07 | Mem:0.00M, Peak:0.00M | OFFICE / 03 / Detailed clay, 视图层 | Synchronizing object | Keyboard key.069
Fra:1 Mem:261.27M (Peak 264.87M) | Time:00:00.07 | Mem:0.00M, Peak:0.00M | OFFICE / 03 / Detailed clay, 视图层 | Synchronizing object | Keyboard key.070
Fra:1 Mem:261.28M (Peak 264.87M) | Time:00:00.07 | Mem:0.00M, Peak:0.00M | OFFICE / 03 / Detailed clay, 视图层 | Synchronizing object | Keyboard key.072
Fra:1 Mem:261.32M (Peak 264.87M) | Time:00:00.07 | Mem:0.00M, Peak:0.00M | OFFICE / 03 / Detailed clay, 视图层 | Synchronizing object | Keyboard key.073
Fra:1 Mem:261.30M (Peak 264.87M) | Time:00:00.07 | Mem:0.00M, Peak:0.00M | OFFICE / 03 / Detailed clay, 视图层 | Synchronizing object | Keyboard key.079
Fra:1 Mem:261.30M (Peak 264.87M) | Time:00:00.07 | Mem:0.00M, Peak:0.00M | OFFICE / 03 / Detailed clay, 视图层 | Synchronizing object | Keyboard key.081
Fra:1 Mem:261.32M (Peak 264.87M) | Time:00:00.07 | Mem:0.00M, Peak:0.00M | OFFICE / 03 / Detailed clay, 视图层 | Synchronizing object | Keyboard key.082
Fra:1 Mem:261.34M (Peak 264.87M) | Time:00:00.07 | Mem:0.00M, Peak:0.00M | OFFICE / 03 / Detailed clay, 视图层 | Synchronizing object | Keyboard key.083
Fra:1 Mem:261.39M (Peak 264.87M) | Time:00:00.07 | Mem:0.00M, Peak:0.00M | OFFICE / 03 / Detailed clay, 视图层 | Synchronizing object | Keyboard key.084
Fra:1 Mem:261.41M (Peak 264.87M) | Time:00:00.07 | Mem:0.00M, Peak:0.00M | OFFICE / 03 / Detailed clay, 视图层 | Synchronizing object | Keyboard key.085
Fra:1 Mem:261.45M (Peak 264.87M) | Time:00:00.07 | Mem:0.00M, Peak:0.00M | OFFICE / 03 / Detailed clay, 视图层 | Synchronizing object | Keyboard key.086
Fra:1 Mem:261.55M (Peak 264.87M) | Time:00:00.07 | Mem:0.00M, Peak:0.00M | OFFICE / 03 / Detailed clay, 视图层 | Synchronizing object | Keyboard key.087
Fra:1 Mem:261.52M (Peak 264.87M) | Time:00:00.07 | Mem:0.00M, Peak:0.00M | OFFICE / 03 / Detailed clay, 视图层 | Synchronizing object | Keyboard key.088
Fra:1 Mem:261.57M (Peak 264.87M) | Time:00:00.07 | Mem:0.00M, Peak:0.00M | OFFICE / 03 / Detailed clay, 视图层 | Synchronizing object | Keyboard key.090
帧:1 内存:261.55M (峰值 264.87M) | 时间:00:00.07 | Mem:0.00M, Peak:0.00M | OFFICE / 03 / Detailed clay, 视图层 | Synchronizing object | Keyboard key.091
Fra:1 Mem:261.55M (Peak 264.87M) | Time:00:00.07 | Mem:0.00M, Peak:0.00M | OFFICE / 03 / Detailed clay, 视图层 | Synchronizing object | Keyboard key.093
Fra:1 Mem:261.60M (Peak 264.87M) | Time:00:00.07 | Mem:0.00M, Peak:0.00M | OFFICE / 03 / Detailed clay, 视图层 | Synchronizing object | Keyboard key.095
Fra:1 Mem:261.60M (Peak 264.87M) | Time:00:00.07 | Mem:0.00M, Peak:0.00M | OFFICE / 03 / Detailed clay, 视图层 | Synchronizing object | Display vent.006
Fra:1 Mem:261.60M (Peak 264.87M) | Time:00:00.07 | Mem:0.00M, Peak:0.00M | OFFICE / 03 / Detailed clay, 视图层 | Synchronizing object | Display vent.009
Fra:1 Mem:261.60M (Peak 264.87M) | Time:00:00.07 | Mem:0.00M, Peak:0.00M | OFFICE / 03 / Detailed clay, 视图层 | Synchronizing object | Display vent.010
Fra:1 Mem:261.61M (Peak 264.87M) | Time:00:00.07 | Mem:0.00M, Peak:0.00M | OFFICE / 03 / Detailed clay, 视图层 | Synchronizing object | Mouse.001
Fra:1 Mem:261.63M (Peak 264.87M) | Time:00:00.07 | Mem:0.00M, Peak:0.00M | OFFICE / 03 / Detailed clay, 视图层 | Synchronizing object | Office chair back.003
Fra:1 Mem:261.66M (Peak 264.87M) | Time:00:00.07 | Mem:0.00M, Peak:0.00M | OFFICE / 03 / Detailed clay, 视图层 | Synchronizing object | Chair stem.003
Fra:1 Mem:261.67M (Peak 264.87M) | Time:00:00.07 | Mem:0.00M, Peak:0.00M | OFFICE / 03 / Detailed clay, 视图层 | Synchronizing object | Chair foot.015
Fra:1 Mem:261.73M (Peak 264.87M) | Time:00:00.07 | Mem:0.00M, Peak:0.00M | OFFICE / 03 / Detailed clay, 视图层 | Synchronizing object | Caster.005
Fra:1 Mem:261.76M (Peak 264.87M) | Time:00:00.07 | Mem:0.00M, Peak:0.00M | OFFICE / 03 / Detailed clay, 视图层 | Synchronizing object | Chair foot.016
Fra:1 Mem:261.76M (Peak 264.87M) | Time:00:00.07 | Mem:0.00M, Peak:0.00M | OFFICE / 03 / Detailed clay, 视图层 | Synchronizing object | Caster.006
Fra:1 Mem:261.82M (Peak 264.87M) | Time:00:00.07 | Mem:0.00M, Peak:0.00M | OFFICE / 03 / Detailed clay, 视图层 | Synchronizing object | Chair foot.017
Fra:1 Mem:261.81M (Peak 264.87M) | Time:00:00.07 | Mem:0.00M, Peak:0.00M | OFFICE / 03 / Detailed clay, 视图层 | Synchronizing object | Chair foot.018
Fra:1 Mem:261.82M (Peak 264.87M) | Time:00:00.07 | Mem:0.00M, Peak:0.00M | OFFICE / 03 / Detailed clay, 视图层 | Synchronizing object | Caster.009
Fra:1 Mem:261.84M (Peak 264.87M) | Time:00:00.07 | Mem:0.00M, Peak:0.00M | OFFICE / 03 / Detailed clay, 视图层 | Synchronizing object | Arm support.002
Fra:1 Mem:261.81M (Peak 264.87M) | Time:00:00.07 | Mem:0.00M, Peak:0.00M | OFFICE / 03 / Detailed clay, 视图层 | Synchronizing object | Padded chair arm.002
Fra:1 Mem:261.80M (Peak 264.87M) | Time:00:00.07 | Mem:0.00M, Peak:0.00M | OFFICE / 03 / Detailed clay, 视图层 | Synchronizing object | Padded chair arm.003
Fra:1 Mem:261.82M (Peak 264.87M) | Time:00:00.07 | Mem:0.00M, Peak:0.00M | OFFICE / 03 / Detailed clay, 视图层 | Synchronizing object | Cabinet top.004
Fra:1 Mem:261.84M (Peak 264.87M) | Time:00:00.07 | Mem:0.00M, Peak:0.00M | OFFICE / 03 / Detailed clay, 视图层 | Synchronizing object | Pull.008
Fra:1 Mem:261.91M (Peak 264.87M) | Time:00:00.07 | Mem:0.00M, Peak:0.00M | OFFICE / 03 / Detailed clay, 视图层 | Synchronizing object | Pull.009
Fra:1 Mem:261.96M (Peak 264.87M) | Time:00:00.07 | Mem:0.00M, Peak:0.00M | OFFICE / 03 / Detailed clay, 视图层 | Synchronizing object | Cabinet drawer.014
Fra:1 Mem:262.07M (Peak 264.87M) | Time:00:00.07 | Mem:0.00M, Peak:0.00M | OFFICE / 03 / Detailed clay, 视图层 | Synchronizing object | Pull.010
Fra:1 Mem:262.08M (Peak 264.87M) | Time:00:00.07 | Mem:0.00M, Peak:0.00M | OFFICE / 03 / Detailed clay, 视图层 | Synchronizing object | Pull.011
Fra:1 Mem:262.06M (Peak 264.87M) | Time:00:00.07 | Mem:0.00M, Peak:0.00M | OFFICE / 03 / Detailed clay, 视图层 | Synchronizing object | Cabinet drawer.015
Fra:1 Mem:262.20M (Peak 264.87M) | Time:00:00.07 | Mem:0.00M, Peak:0.00M | OFFICE / 03 / Detailed clay, 视图层 | Synchronizing object | Pull.012
帧:1 内存:262.19M (峰值 264.87M) | 时间:00:00.07 | Mem:0.00M, Peak:0.00M | OFFICE / 03 / Detailed clay, 视图层 | Synchronizing object | Chair wheel-floor trace.004
Fra:1 Mem:262.24M (Peak 264.87M) | Time:00:00.07 | Mem:0.00M, Peak:0.00M | OFFICE / 03 / Detailed clay, 视图层 | Synchronizing object | Shelf back.005
Fra:1 Mem:262.28M (Peak 264.87M) | Time:00:00.07 | Mem:0.00M, Peak:0.00M | OFFICE / 03 / Detailed clay, 视图层 | Synchronizing object | Shelf side.010
Fra:1 Mem:262.25M (Peak 264.87M) | Time:00:00.07 | Mem:0.00M, Peak:0.00M | OFFICE / 03 / Detailed clay, 视图层 | Synchronizing object | Shelf side.011
Fra:1 Mem:262.30M (Peak 264.87M) | Time:00:00.07 | Mem:0.00M, Peak:0.00M | OFFICE / 03 / Detailed clay, 视图层 | Synchronizing object | Shelf.024
Fra:1 Mem:262.28M (Peak 264.87M) | Time:00:00.07 | Mem:0.00M, Peak:0.00M | OFFICE / 03 / Detailed clay, 视图层 | Synchronizing object | Shelf.025
Fra:1 Mem:262.34M (Peak 264.87M) | Time:00:00.08 | Mem:0.00M, Peak:0.00M | OFFICE / 03 / Detailed clay, 视图层 | Synchronizing object | Shelf.026
Fra:1 Mem:262.37M (Peak 264.87M) | Time:00:00.08 | Mem:0.00M, Peak:0.00M | OFFICE / 03 / Detailed clay, 视图层 | Synchronizing object | Shelf.027
Fra:1 Mem:262.36M (Peak 264.87M) | Time:00:00.08 | Mem:0.00M, Peak:0.00M | OFFICE / 03 / Detailed clay, 视图层 | Synchronizing object | Middle shelf file
帧:1 内存:262.41M (峰值 264.87M) | 时间:00:00.08 | Mem:0.00M, Peak:0.00M | OFFICE / 03 / Detailed clay, 视图层 | Synchronizing object | Chair wheel-floor trace.003
Fra:1 Mem:262.46M (Peak 264.87M) | Time:00:00.08 | Mem:0.00M, Peak:0.00M | OFFICE / 03 / Detailed clay, 视图层 | Synchronizing object | File label
Fra:1 Mem:262.42M (Peak 264.87M) | Time:00:00.08 | Mem:0.00M, Peak:0.00M | OFFICE / 03 / Detailed clay, 视图层 | Synchronizing object | Cabinet top.005
Fra:1 Mem:262.42M (Peak 264.87M) | Time:00:00.08 | Mem:0.00M, Peak:0.00M | OFFICE / 03 / Detailed clay, 视图层 | Synchronizing object | Pull.014
Fra:1 Mem:262.44M (Peak 264.87M) | Time:00:00.08 | Mem:0.00M, Peak:0.00M | OFFICE / 03 / Detailed clay, 视图层 | Synchronizing object | Pull.015
Fra:1 Mem:262.48M (Peak 264.87M) | Time:00:00.08 | Mem:0.00M, Peak:0.00M | OFFICE / 03 / Detailed clay, 视图层 | Synchronizing object | Pull.016
Fra:1 Mem:262.50M (Peak 264.87M) | Time:00:00.08 | Mem:0.00M, Peak:0.00M | OFFICE / 03 / Detailed clay, 视图层 | Synchronizing object | Pull.017
Fra:1 Mem:262.52M (Peak 264.87M) | Time:00:00.08 | Mem:0.00M, Peak:0.00M | OFFICE / 03 / Detailed clay, 视图层 | Synchronizing object | Printer housing.003
Fra:1 Mem:262.54M (Peak 264.87M) | Time:00:00.08 | Mem:0.00M, Peak:0.00M | OFFICE / 03 / Detailed clay, 视图层 | Synchronizing object | Scanner lid.003
Fra:1 Mem:262.56M (Peak 264.87M) | Time:00:00.08 | Mem:0.00M, Peak:0.00M | OFFICE / 03 / Detailed clay, 视图层 | Synchronizing object | Paper slot.001
Fra:1 Mem:262.56M (Peak 264.87M) | Time:00:00.08 | Mem:0.00M, Peak:0.00M | OFFICE / 03 / Detailed clay, 视图层 | Synchronizing object | Printed page.001
Fra:1 Mem:262.62M (Peak 264.87M) | Time:00:00.08 | Mem:0.00M, Peak:0.00M | OFFICE / 03 / Detailed clay, 视图层 | Synchronizing object | Control panel.001
Fra:1 Mem:262.61M (Peak 264.87M) | Time:00:00.08 | Mem:0.00M, Peak:0.00M | OFFICE / 03 / Detailed clay, 视图层 | Synchronizing object | Bottle shoulder.001
Fra:1 Mem:262.62M (Peak 264.87M) | Time:00:00.08 | Mem:0.00M, Peak:0.00M | OFFICE / 03 / Detailed clay, 视图层 | Synchronizing object | Water bottle.001
Fra:1 Mem:262.66M (Peak 264.87M) | Time:00:00.08 | Mem:0.00M, Peak:0.00M | OFFICE / 03 / Detailed clay, 视图层 | Synchronizing object | Tap.002
Fra:1 Mem:262.69M (Peak 264.87M) | Time:00:00.08 | Mem:0.00M, Peak:0.00M | OFFICE / 03 / Detailed clay, 视图层 | Synchronizing object | Tap.003
Fra:1 Mem:262.75M (Peak 264.87M) | Time:00:00.08 | Mem:0.00M, Peak:0.00M | OFFICE / 03 / Detailed clay, 视图层 | Synchronizing object | Board frame.006
Fra:1 Mem:262.78M (Peak 264.87M) | Time:00:00.08 | Mem:0.00M, Peak:0.00M | OFFICE / 03 / Detailed clay, 视图层 | Synchronizing object | Evidence card.008
帧:1 内存:262.79M (峰值 264.87M) | 时间:00:00.08 | Mem:0.00M, Peak:0.00M | OFFICE / 03 / Detailed clay, 视图层 | Synchronizing object | Evidence card.009
Fra:1 Mem:262.83M (Peak 264.87M) | Time:00:00.08 | Mem:0.00M, Peak:0.00M | OFFICE / 03 / Detailed clay, 视图层 | Synchronizing object | Evidence card.010
Fra:1 Mem:262.89M (Peak 264.87M) | Time:00:00.08 | Mem:0.00M, Peak:0.00M | OFFICE / 03 / Detailed clay, 视图层 | Synchronizing object | Evidence card.011
Fra:1 Mem:262.91M (Peak 264.87M) | Time:00:00.08 | Mem:0.00M, Peak:0.00M | OFFICE / 03 / Detailed clay, 视图层 | Synchronizing object | Evidence card.013
Fra:1 Mem:262.89M (Peak 264.87M) | Time:00:00.08 | Mem:0.00M, Peak:0.00M | OFFICE / 03 / Detailed clay, 视图层 | Synchronizing object | Evidence card.014
Fra:1 Mem:262.91M (Peak 264.87M) | Time:00:00.08 | Mem:0.00M, Peak:0.00M | OFFICE / 03 / Detailed clay, 视图层 | Synchronizing object | Evidence card.015
Fra:1 Mem:262.92M (Peak 264.87M) | Time:00:00.08 | Mem:0.00M, Peak:0.00M | OFFICE / 03 / Detailed clay, 视图层 | Synchronizing object | Connecting thread.005
Fra:1 Mem:263.02M (Peak 264.87M) | Time:00:00.08 | Mem:0.00M, Peak:0.00M | OFFICE / 03 / Detailed clay, 视图层 | Synchronizing object | Connecting thread.006
帧:1 内存:263.03M (峰值 264.87M) | 时间:00:00.08 | Mem:0.00M, Peak:0.00M | OFFICE / 03 / Detailed clay, 视图层 | Synchronizing object | Chair wheel-floor trace.001
Fra:1 Mem:263.06M (Peak 264.87M) | Time:00:00.08 | Mem:0.00M, Peak:0.00M | OFFICE / 03 / Detailed clay, 视图层 | Synchronizing object | Connecting thread.008
Fra:1 Mem:263.05M (Peak 264.87M) | Time:00:00.08 | Mem:0.00M, Peak:0.00M | OFFICE / 03 / Detailed clay, 视图层 | Synchronizing object | Connecting thread.009
Fra:1 Mem:263.11M (Peak 264.87M) | Time:00:00.08 | Mem:0.00M, Peak:0.00M | OFFICE / 03 / Detailed clay, 视图层 | Synchronizing object | Plant pot.005
Fra:1 Mem:263.18M (Peak 264.87M) | Time:00:00.08 | Mem:0.00M, Peak:0.00M | OFFICE / 03 / Detailed clay, 视图层 | Synchronizing object | Leaf petiole.020
Fra:1 Mem:263.18M (Peak 264.87M) | Time:00:00.08 | Mem:0.00M, Peak:0.00M | OFFICE / 03 / Detailed clay, 视图层 | Synchronizing object | Leaf petiole.021
Fra:1 Mem:263.20M (Peak 264.87M) | Time:00:00.08 | Mem:0.00M, Peak:0.00M | OFFICE / 03 / Detailed clay, 视图层 | Synchronizing object | Pointed curved leaf.021
Fra:1 Mem:263.31M (Peak 264.87M) | Time:00:00.08 | Mem:0.00M, Peak:0.00M | OFFICE / 03 / Detailed clay, 视图层 | Synchronizing object | Pointed curved leaf.022
Fra:1 Mem:263.33M (Peak 264.87M) | Time:00:00.08 | Mem:0.00M, Peak:0.00M | OFFICE / 03 / Detailed clay, 视图层 | Synchronizing object | Leaf petiole.023
Fra:1 Mem:263.33M (Peak 264.87M) | Time:00:00.08 | Mem:0.00M, Peak:0.00M | OFFICE / 03 / Detailed clay, 视图层 | Synchronizing object | Leaf petiole.024
Fra:1 Mem:263.34M (Peak 264.87M) | Time:00:00.08 | Mem:0.00M, Peak:0.00M | OFFICE / 03 / Detailed clay, 视图层 | Synchronizing object | Pointed curved leaf.024
Fra:1 Mem:263.32M (Peak 264.87M) | Time:00:00.08 | Mem:0.00M, Peak:0.00M | OFFICE / 03 / Detailed clay, 视图层 | Synchronizing object | Leaf petiole.025
Fra:1 Mem:263.43M (Peak 264.87M) | Time:00:00.08 | Mem:0.00M, Peak:0.00M | OFFICE / 03 / Detailed clay, 视图层 | Synchronizing object | Pointed curved leaf.025
Fra:1 Mem:263.41M (Peak 264.87M) | Time:00:00.08 | Mem:0.00M, Peak:0.00M | OFFICE / 03 / Detailed clay, 视图层 | Synchronizing object | Leaf petiole.027
Fra:1 Mem:263.45M (Peak 264.87M) | Time:00:00.08 | Mem:0.00M, Peak:0.00M | OFFICE / 03 / Detailed clay, 视图层 | Synchronizing object | Pointed curved leaf.027
Fra:1 Mem:263.58M (Peak 264.87M) | Time:00:00.08 | Mem:0.00M, Peak:0.00M | OFFICE / 03 / Detailed clay, 视图层 | Synchronizing object | Leaf petiole.028
Fra:1 Mem:263.56M (Peak 264.87M) | Time:00:00.08 | Mem:0.00M, Peak:0.00M | OFFICE / 03 / Detailed clay, 视图层 | Synchronizing object | Leaf petiole.029
Fra:1 Mem:263.58M (Peak 264.87M) | Time:00:00.08 | Mem:0.00M, Peak:0.00M | OFFICE / 03 / Detailed clay, 视图层 | Synchronizing object | Pointed curved leaf.029
Fra:1 Mem:263.62M (Peak 264.87M) | Time:00:00.08 | Mem:0.00M, Peak:0.00M | OFFICE / 03 / Detailed clay, 视图层 | Synchronizing object | Loose document.004
Fra:1 Mem:263.61M (Peak 264.87M) | Time:00:00.08 | Mem:0.00M, Peak:0.00M | OFFICE / 03 / Detailed clay, 视图层 | Synchronizing object | Loose document.006
Fra:1 Mem:263.59M (Peak 264.87M) | Time:00:00.08 | Mem:0.00M, Peak:0.00M | OFFICE / 03 / Detailed clay, 视图层 | Synchronizing object | Mug.001
Fra:1 Mem:263.61M (Peak 264.87M) | Time:00:00.08 | Mem:0.00M, Peak:0.00M | OFFICE / 03 / Detailed clay, 视图层 | Synchronizing object | Desk lamp foot.001
Fra:1 Mem:263.60M (Peak 264.87M) | Time:00:00.08 | Mem:0.00M, Peak:0.00M | OFFICE / 03 / Detailed clay, 视图层 | Synchronizing object | Desk lamp stem.001
Fra:1 Mem:263.66M (Peak 264.87M) | Time:00:00.08 | Mem:0.00M, Peak:0.00M | OFFICE / 03 / Detailed clay, 视图层 | Synchronizing object | Desk lamp shade.001
Fra:1 Mem:263.72M (Peak 264.87M) | Time:00:00.08 | Mem:0.00M, Peak:0.00M | OFFICE / 03 / Detailed clay, 视图层 | Synchronizing object | Closed journal.001
Fra:1 Mem:263.77M (Peak 264.87M) | Time:00:00.08 | Mem:0.00M, Peak:0.00M | OFFICE / 03 / Detailed clay, 视图层 | Synchronizing object | Desk contact scratch
Fra:1 Mem:263.80M (Peak 264.87M) | Time:00:00.08 | Mem:0.00M, Peak:0.00M | OFFICE / 03 / Detailed clay, 视图层 | Synchronizing object | Desk contact scratch.002
Fra:1 Mem:263.80M (Peak 264.87M) | Time:00:00.08 | Mem:0.00M, Peak:0.00M | OFFICE / 03 / Detailed clay, 视图层 | Synchronizing object | Desk contact scratch.003
Fra:1 Mem:263.83M (Peak 264.87M) | Time:00:00.08 | Mem:0.00M, Peak:0.00M | OFFICE / 03 / Detailed clay, 视图层 | Synchronizing object | Desk contact scratch.005
帧:1 内存:264.06M (峰值 264.87M) | 时间:00:00.08 | Mem:0.00M, Peak:0.00M | OFFICE / 03 / Detailed clay, 视图层 | Initializing
Fra:1 Mem:248.51M (Peak 264.87M) | Time:00:00.08 | Mem:0.00M, Peak:0.00M | OFFICE / 03 / Detailed clay, 视图层 | Waiting for render to start
Fra:1 Mem:248.51M (Peak 264.87M) | Time:00:00.08 | Mem:0.00M, Peak:0.00M | OFFICE / 03 / Detailed clay, 视图层 | Updating Scene
Fra:1 Mem:248.51M (Peak 264.87M) | Time:00:00.08 | Mem:0.00M, Peak:0.00M | OFFICE / 03 / Detailed clay, 视图层 | Updating Shaders
Fra:1 Mem:248.51M (Peak 264.87M) | Time:00:00.08 | Mem:0.00M, Peak:0.00M | OFFICE / 03 / Detailed clay, 视图层 | Loading render kernels (may take a few minutes the first time)
Fra:1 Mem:248.59M (Peak 276.61M) | Time:00:00.16 | Mem:0.00M, Peak:0.00M | OFFICE / 03 / Detailed clay, 视图层 | Updating Procedurals
Fra:1 Mem:248.59M (Peak 276.61M) | Time:00:00.16 | Mem:0.00M, Peak:0.00M | OFFICE / 03 / Detailed clay, 视图层 | Updating Background
Fra:1 Mem:248.59M (Peak 276.61M) | Time:00:00.16 | Mem:0.00M, Peak:0.00M | OFFICE / 03 / Detailed clay, 视图层 | Updating Camera
Fra:1 Mem:248.59M (Peak 276.61M) | Time:00:00.16 | Mem:0.00M, Peak:0.00M | OFFICE / 03 / Detailed clay, 视图层 | Updating Meshes Flags
Fra:1 Mem:248.59M (Peak 276.61M) | Time:00:00.16 | Mem:0.00M, Peak:0.00M | OFFICE / 03 / Detailed clay, 视图层 | Updating Objects
Fra:1 Mem:248.59M (Peak 276.61M) | Time:00:00.16 | Mem:0.00M, Peak:0.00M | OFFICE / 03 / Detailed clay, 视图层 | Updating Objects | Copying Transformations to device
Fra:1 Mem:248.67M (Peak 276.61M) | Time:00:00.16 | Mem:0.08M, Peak:0.08M | OFFICE / 03 / Detailed clay, 视图层 | Updating Particle Systems
Fra:1 Mem:248.67M (Peak 276.61M) | Time:00:00.16 | Mem:0.08M, Peak:0.08M | OFFICE / 03 / Detailed clay, 视图层 | Updating Particle Systems | Copying Particles to device
Fra:1 Mem:248.67M (Peak 276.61M) | Time:00:00.16 | Mem:0.08M, Peak:0.08M | OFFICE / 03 / Detailed clay, 视图层 | Updating Meshes
Fra:1 Mem:248.67M (Peak 276.61M) | Time:00:00.16 | Mem:0.08M, Peak:0.08M | OFFICE / 03 / Detailed clay, 视图层 | Updating Objects | Applying Static Transformations
Fra:1 Mem:248.67M (Peak 276.61M) | Time:00:00.16 | Mem:0.08M, Peak:0.08M | OFFICE / 03 / Detailed clay, 视图层 | Updating Mesh | Computing attributes
Fra:1 Mem:249.45M (Peak 276.61M) | Time:00:00.16 | Mem:0.10M, Peak:0.10M | OFFICE / 03 / Detailed clay, 视图层 | Updating Mesh | Copying Attributes to device
Fra:1 Mem:249.41M (Peak 276.61M) | Time:00:00.16 | Mem:0.82M, Peak:0.82M | OFFICE / 03 / Detailed clay, 视图层 | Updating Scene BVH | Building
Fra:1 Mem:249.42M (Peak 276.61M) | Time:00:00.16 | Mem:0.82M, Peak:0.82M | OFFICE / 03 / Detailed clay, 视图层 | Updating Scene BVH | Building BVH
Fra:1 Mem:251.33M (Peak 276.61M) | Time:00:00.18 | Mem:0.82M, Peak:0.82M | OFFICE / 03 / Detailed clay, 视图层 | Updating Scene BVH | Packing BVH triangles and strands
Fra:1 Mem:251.46M (Peak 276.61M) | Time:00:00.18 | Mem:0.82M, Peak:0.82M | OFFICE / 03 / Detailed clay, 视图层 | Updating Scene BVH | Packing BVH nodes
Fra:1 Mem:251.52M (Peak 276.61M) | Time:00:00.18 | Mem:0.82M, Peak:0.82M | OFFICE / 03 / Detailed clay, 视图层 | Updating Scene BVH | Copying BVH to device
Fra:1 Mem:251.52M (Peak 276.61M) | Time:00:00.18 | Mem:1.87M, Peak:1.87M | OFFICE / 03 / Detailed clay, 视图层 | Updating Mesh | Computing normals
Fra:1 Mem:253.47M (Peak 276.61M) | Time:00:00.18 | Mem:1.87M, Peak:1.87M | OFFICE / 03 / Detailed clay, 视图层 | Updating Mesh | Copying Mesh to device
Fra:1 Mem:253.47M (Peak 276.61M) | Time:00:00.18 | Mem:3.82M, Peak:3.82M | OFFICE / 03 / Detailed clay, 视图层 | Updating Objects Flags
Fra:1 Mem:253.47M (Peak 276.61M) | Time:00:00.18 | Mem:3.82M, Peak:3.82M | OFFICE / 03 / Detailed clay, 视图层 | Updating Primitive Offsets
Fra:1 Mem:253.47M (Peak 276.61M) | Time:00:00.18 | Mem:3.82M, Peak:3.82M | OFFICE / 03 / Detailed clay, 视图层 | Updating Images
Fra:1 Mem:253.47M (Peak 276.61M) | Time:00:00.18 | Mem:3.82M, Peak:3.82M | OFFICE / 03 / Detailed clay, 视图层 | Updating Camera Volume
Fra:1 Mem:253.47M (Peak 276.61M) | Time:00:00.18 | Mem:3.82M, Peak:3.82M | OFFICE / 03 / Detailed clay, 视图层 | Updating Lookup Tables
Fra:1 Mem:253.47M (Peak 276.61M) | Time:00:00.18 | Mem:3.90M, Peak:3.90M | OFFICE / 03 / Detailed clay, 视图层 | Updating Lights
Fra:1 Mem:253.47M (Peak 276.61M) | Time:00:00.18 | Mem:3.90M, Peak:3.90M | OFFICE / 03 / Detailed clay, 视图层 | Updating Lights | Computing tree
Fra:1 Mem:253.47M (Peak 276.61M) | Time:00:00.18 | Mem:3.90M, Peak:3.90M | OFFICE / 03 / Detailed clay, 视图层 | Updating Integrator
Fra:1 Mem:253.47M (Peak 276.61M) | Time:00:00.18 | Mem:3.90M, Peak:3.90M | OFFICE / 03 / Detailed clay, 视图层 | Updating Film
Fra:1 Mem:253.47M (Peak 276.61M) | Time:00:00.18 | Mem:3.82M, Peak:3.90M | OFFICE / 03 / Detailed clay, 视图层 | Updating Lookup Tables
Fra:1 Mem:253.47M (Peak 276.61M) | Time:00:00.18 | Mem:3.91M, Peak:3.91M | OFFICE / 03 / Detailed clay, 视图层 | Updating Baking
Fra:1 Mem:253.47M (Peak 276.61M) | Time:00:00.18 | Mem:3.91M, Peak:3.91M | OFFICE / 03 / Detailed clay, 视图层 | Updating Device | Writing constant memory
Fra:1 Mem:253.48M (Peak 276.61M) | Time:00:00.18 | Mem:3.91M, Peak:3.91M | OFFICE / 03 / Detailed clay, 视图层 | Loading denoising kernels (may take a few minutes the first time)
Fra:1 Mem:261.17M (Peak 276.61M) | Time:00:00.19 | Mem:680.41M, Peak:680.41M | OFFICE / 03 / Detailed clay, 视图层 | Sample 0/40
Fra:1 Mem:326.41M (Peak 326.41M) | Time:00:00.21 | Remaining:00:00.56 | Mem:745.64M, Peak:745.64M | OFFICE / 03 / Detailed clay, 视图层 | Sample 1/40
Fra:1 Mem:353.88M (Peak 395.08M) | Time:00:01.70 | Mem:745.65M, Peak:745.65M | OFFICE / 03 / Detailed clay, 视图层 | Sample 40/40
Fra:1 Mem:353.88M (Peak 395.08M) | Time:00:01.70 | Mem:745.65M, Peak:745.65M | OFFICE / 03 / Detailed clay, 视图层 | Finished
Saved: 'E:\GodotProject\悬疑建造\design\presentation\process\renders\office-stage-3.png'
Time: 00:01.81 (Saving: 00:00.06)

PROCESS_RENDER_DONE office-stage-3
PROCESS_RENDER_START restoration-stage-1
Fra:1 Mem:273.27M (Peak 273.27M) | Time:00:00.06 | Mem:0.00M, Peak:0.00M | RESTORATION / 01 / Occupancy blocks, 视图层 | Synchronizing object | Large studio key.006
Fra:1 Mem:273.27M (Peak 273.27M) | Time:00:00.06 | Mem:0.00M, Peak:0.00M | RESTORATION / 01 / Occupancy blocks, 视图层 | Synchronizing object | Side wall.002
Fra:1 Mem:273.27M (Peak 273.27M) | Time:00:00.06 | Mem:0.00M, Peak:0.00M | RESTORATION / 01 / Occupancy blocks, 视图层 | Synchronizing object | Restoration table
Fra:1 Mem:273.27M (Peak 273.27M) | Time:00:00.06 | Mem:0.00M, Peak:0.00M | RESTORATION / 01 / Occupancy blocks, 视图层 | Synchronizing object | Cold light panel
Fra:1 Mem:273.27M (Peak 273.27M) | Time:00:00.06 | Mem:0.00M, Peak:0.00M | RESTORATION / 01 / Occupancy blocks, 视图层 | Synchronizing object | Camera
Fra:1 Mem:273.27M (Peak 273.27M) | Time:00:00.06 | Mem:0.00M, Peak:0.00M | RESTORATION / 01 / Occupancy blocks, 视图层 | Synchronizing object | Halogen lamp
Fra:1 Mem:273.28M (Peak 273.28M) | Time:00:00.06 | Mem:0.00M, Peak:0.00M | RESTORATION / 01 / Occupancy blocks, 视图层 | Synchronizing object | Materials cabinet
Fra:1 Mem:273.28M (Peak 273.28M) | Time:00:00.06 | Mem:0.00M, Peak:0.00M | RESTORATION / 01 / Occupancy blocks, 视图层 | Synchronizing object | Frame rack
帧:1 内存:273.29M (峰值 273.29M) | 时间:00:00.06 | Mem:0.00M, Peak:0.00M | RESTORATION / 01 / Occupancy blocks, 视图层 | Initializing
Fra:1 Mem:272.59M (Peak 273.29M) | Time:00:00.06 | Mem:0.00M, Peak:0.00M | RESTORATION / 01 / Occupancy blocks, 视图层 | Waiting for render to start
Fra:1 Mem:272.59M (Peak 273.29M) | Time:00:00.06 | Mem:0.00M, Peak:0.00M | RESTORATION / 01 / Occupancy blocks, 视图层 | Updating Scene
Fra:1 Mem:272.59M (Peak 273.29M) | Time:00:00.06 | Mem:0.00M, Peak:0.00M | RESTORATION / 01 / Occupancy blocks, 视图层 | Updating Shaders
Fra:1 Mem:272.59M (Peak 273.29M) | Time:00:00.06 | Mem:0.00M, Peak:0.00M | RESTORATION / 01 / Occupancy blocks, 视图层 | Loading render kernels (may take a few minutes the first time)
Fra:1 Mem:272.67M (Peak 300.70M) | Time:00:00.14 | Mem:0.00M, Peak:0.00M | RESTORATION / 01 / Occupancy blocks, 视图层 | Updating Procedurals
Fra:1 Mem:272.67M (Peak 300.70M) | Time:00:00.14 | Mem:0.00M, Peak:0.00M | RESTORATION / 01 / Occupancy blocks, 视图层 | Updating Background
Fra:1 Mem:272.67M (Peak 300.70M) | Time:00:00.14 | Mem:0.00M, Peak:0.00M | RESTORATION / 01 / Occupancy blocks, 视图层 | Updating Camera
Fra:1 Mem:272.67M (Peak 300.70M) | Time:00:00.14 | Mem:0.00M, Peak:0.00M | RESTORATION / 01 / Occupancy blocks, 视图层 | Updating Meshes Flags
Fra:1 Mem:272.67M (Peak 300.70M) | Time:00:00.14 | Mem:0.00M, Peak:0.00M | RESTORATION / 01 / Occupancy blocks, 视图层 | Updating Objects
Fra:1 Mem:272.67M (Peak 300.70M) | Time:00:00.14 | Mem:0.00M, Peak:0.00M | RESTORATION / 01 / Occupancy blocks, 视图层 | Updating Objects | Copying Transformations to device
Fra:1 Mem:272.68M (Peak 300.70M) | Time:00:00.14 | Mem:0.01M, Peak:0.01M | RESTORATION / 01 / Occupancy blocks, 视图层 | Updating Particle Systems
Fra:1 Mem:272.68M (Peak 300.70M) | Time:00:00.14 | Mem:0.01M, Peak:0.01M | RESTORATION / 01 / Occupancy blocks, 视图层 | Updating Particle Systems | Copying Particles to device
Fra:1 Mem:272.68M (Peak 300.70M) | Time:00:00.14 | Mem:0.01M, Peak:0.01M | RESTORATION / 01 / Occupancy blocks, 视图层 | Updating Meshes
Fra:1 Mem:272.68M (Peak 300.70M) | Time:00:00.14 | Mem:0.01M, Peak:0.01M | RESTORATION / 01 / Occupancy blocks, 视图层 | Updating Objects | Applying Static Transformations
Fra:1 Mem:272.68M (Peak 300.70M) | Time:00:00.14 | Mem:0.01M, Peak:0.01M | RESTORATION / 01 / Occupancy blocks, 视图层 | Updating Mesh | Computing attributes
Fra:1 Mem:272.68M (Peak 300.70M) | Time:00:00.14 | Mem:0.01M, Peak:0.01M | RESTORATION / 01 / Occupancy blocks, 视图层 | Updating Mesh | Copying Attributes to device
Fra:1 Mem:272.68M (Peak 300.70M) | Time:00:00.14 | Mem:0.01M, Peak:0.01M | RESTORATION / 01 / Occupancy blocks, 视图层 | Updating Scene BVH | Building
Fra:1 Mem:272.68M (Peak 300.70M) | Time:00:00.14 | Mem:0.01M, Peak:0.01M | RESTORATION / 01 / Occupancy blocks, 视图层 | Updating Scene BVH | Building BVH
Fra:1 Mem:272.69M (Peak 300.70M) | Time:00:00.14 | Mem:0.01M, Peak:0.01M | RESTORATION / 01 / Occupancy blocks, 视图层 | Updating Scene BVH | Packing BVH triangles and strands
Fra:1 Mem:272.69M (Peak 300.70M) | Time:00:00.14 | Mem:0.01M, Peak:0.01M | RESTORATION / 01 / Occupancy blocks, 视图层 | Updating Scene BVH | Packing BVH nodes
Fra:1 Mem:272.69M (Peak 300.70M) | Time:00:00.14 | Mem:0.01M, Peak:0.01M | RESTORATION / 01 / Occupancy blocks, 视图层 | Updating Scene BVH | Copying BVH to device
Fra:1 Mem:272.69M (Peak 300.70M) | Time:00:00.14 | Mem:0.01M, Peak:0.01M | RESTORATION / 01 / Occupancy blocks, 视图层 | Updating Mesh | Computing normals
Fra:1 Mem:272.70M (Peak 300.70M) | Time:00:00.14 | Mem:0.01M, Peak:0.01M | RESTORATION / 01 / Occupancy blocks, 视图层 | Updating Mesh | Copying Mesh to device
Fra:1 Mem:272.70M (Peak 300.70M) | Time:00:00.14 | Mem:0.02M, Peak:0.02M | RESTORATION / 01 / Occupancy blocks, 视图层 | Updating Objects Flags
Fra:1 Mem:272.70M (Peak 300.70M) | Time:00:00.14 | Mem:0.02M, Peak:0.02M | RESTORATION / 01 / Occupancy blocks, 视图层 | Updating Primitive Offsets
Fra:1 Mem:272.70M (Peak 300.70M) | Time:00:00.14 | Mem:0.02M, Peak:0.02M | RESTORATION / 01 / Occupancy blocks, 视图层 | Updating Images
Fra:1 Mem:272.70M (Peak 300.70M) | Time:00:00.14 | Mem:0.02M, Peak:0.02M | RESTORATION / 01 / Occupancy blocks, 视图层 | Updating Camera Volume
Fra:1 Mem:272.70M (Peak 300.70M) | Time:00:00.14 | Mem:0.02M, Peak:0.02M | RESTORATION / 01 / Occupancy blocks, 视图层 | Updating Lookup Tables
Fra:1 Mem:272.70M (Peak 300.70M) | Time:00:00.14 | Mem:0.10M, Peak:0.10M | RESTORATION / 01 / Occupancy blocks, 视图层 | Updating Lights
Fra:1 Mem:272.70M (Peak 300.70M) | Time:00:00.14 | Mem:0.10M, Peak:0.10M | RESTORATION / 01 / Occupancy blocks, 视图层 | Updating Lights | Computing tree
Fra:1 Mem:272.70M (Peak 300.70M) | Time:00:00.14 | Mem:0.10M, Peak:0.10M | RESTORATION / 01 / Occupancy blocks, 视图层 | Updating Integrator
Fra:1 Mem:272.70M (Peak 300.70M) | Time:00:00.14 | Mem:0.10M, Peak:0.10M | RESTORATION / 01 / Occupancy blocks, 视图层 | Updating Film
Fra:1 Mem:272.70M (Peak 300.70M) | Time:00:00.14 | Mem:0.02M, Peak:0.10M | RESTORATION / 01 / Occupancy blocks, 视图层 | Updating Lookup Tables
Fra:1 Mem:272.70M (Peak 300.70M) | Time:00:00.14 | Mem:0.11M, Peak:0.11M | RESTORATION / 01 / Occupancy blocks, 视图层 | Updating Baking
Fra:1 Mem:272.70M (Peak 300.70M) | Time:00:00.14 | Mem:0.11M, Peak:0.11M | RESTORATION / 01 / Occupancy blocks, 视图层 | Updating Device | Writing constant memory
Fra:1 Mem:272.70M (Peak 300.70M) | Time:00:00.14 | Mem:0.11M, Peak:0.11M | RESTORATION / 01 / Occupancy blocks, 视图层 | Loading denoising kernels (may take a few minutes the first time)
Fra:1 Mem:280.39M (Peak 300.70M) | Time:00:00.15 | Mem:676.61M, Peak:676.61M | RESTORATION / 01 / Occupancy blocks, 视图层 | Sample 0/40
Fra:1 Mem:345.63M (Peak 345.63M) | Time:00:00.16 | Remaining:00:00.53 | Mem:741.84M, Peak:741.84M | RESTORATION / 01 / Occupancy blocks, 视图层 | Sample 1/40
Fra:1 Mem:373.10M (Peak 414.30M) | Time:00:01.59 | Mem:741.85M, Peak:741.85M | RESTORATION / 01 / Occupancy blocks, 视图层 | Sample 40/40
Fra:1 Mem:373.10M (Peak 414.30M) | Time:00:01.59 | Mem:741.85M, Peak:741.85M | RESTORATION / 01 / Occupancy blocks, 视图层 | Finished
Saved: 'E:\GodotProject\悬疑建造\design\presentation\process\renders\restoration-stage-1.png'
Time: 00:01.70 (Saving: 00:00.05)

PROCESS_RENDER_DONE restoration-stage-1
PROCESS_RENDER_START restoration-stage-2
Fra:1 Mem:304.50M (Peak 304.50M) | Time:00:00.06 | Mem:0.00M, Peak:0.00M | RESTORATION / 02 / Form and structure, 视图层 | Synchronizing object | Soft fill.007
Fra:1 Mem:304.50M (Peak 304.50M) | Time:00:00.06 | Mem:0.00M, Peak:0.00M | RESTORATION / 02 / Form and structure, 视图层 | Synchronizing object | Window pier.009
Fra:1 Mem:304.50M (Peak 304.50M) | Time:00:00.06 | Mem:0.00M, Peak:0.00M | RESTORATION / 02 / Form and structure, 视图层 | Synchronizing object | Window mullion.013
Fra:1 Mem:304.50M (Peak 304.50M) | Time:00:00.06 | Mem:0.00M, Peak:0.00M | RESTORATION / 02 / Form and structure, 视图层 | Synchronizing object | Window crossbar.013
Fra:1 Mem:304.51M (Peak 304.51M) | Time:00:00.06 | Mem:0.00M, Peak:0.00M | RESTORATION / 02 / Form and structure, 视图层 | Synchronizing object | Window crossbar.014
Fra:1 Mem:304.53M (Peak 304.53M) | Time:00:00.06 | Mem:0.00M, Peak:0.00M | RESTORATION / 02 / Form and structure, 视图层 | Synchronizing object | Window sill.004
Fra:1 Mem:304.56M (Peak 304.56M) | Time:00:00.06 | Mem:0.00M, Peak:0.00M | RESTORATION / 02 / Form and structure, 视图层 | Synchronizing object | Worktop.008
Fra:1 Mem:304.60M (Peak 304.61M) | Time:00:00.06 | Mem:0.00M, Peak:0.00M | RESTORATION / 02 / Form and structure, 视图层 | Synchronizing object | Table leg.018
Fra:1 Mem:304.60M (Peak 304.61M) | Time:00:00.06 | Mem:0.00M, Peak:0.00M | RESTORATION / 02 / Form and structure, 视图层 | Synchronizing object | Table leg.019
Fra:1 Mem:304.65M (Peak 304.65M) | Time:00:00.06 | Mem:0.00M, Peak:0.00M | RESTORATION / 02 / Form and structure, 视图层 | Synchronizing object | Stool foot.008
Fra:1 Mem:304.63M (Peak 304.65M) | Time:00:00.06 | Mem:0.00M, Peak:0.00M | RESTORATION / 02 / Form and structure, 视图层 | Synchronizing object | Stool foot.009
Fra:1 Mem:304.64M (Peak 304.65M) | Time:00:00.06 | Mem:0.00M, Peak:0.00M | RESTORATION / 02 / Form and structure, 视图层 | Synchronizing object | Stool foot.010
Fra:1 Mem:304.73M (Peak 304.73M) | Time:00:00.06 | Mem:0.00M, Peak:0.00M | RESTORATION / 02 / Form and structure, 视图层 | Synchronizing object | Stool foot.011
Fra:1 Mem:304.74M (Peak 304.74M) | Time:00:00.06 | Mem:0.00M, Peak:0.00M | RESTORATION / 02 / Form and structure, 视图层 | Synchronizing object | Painting board
Fra:1 Mem:304.80M (Peak 304.80M) | Time:00:00.06 | Mem:0.00M, Peak:0.00M | RESTORATION / 02 / Form and structure, 视图层 | Synchronizing object | Cold panel stand.001
Fra:1 Mem:304.85M (Peak 304.86M) | Time:00:00.06 | Mem:0.00M, Peak:0.00M | RESTORATION / 02 / Form and structure, 视图层 | Synchronizing object | Cold panel foot.001
Fra:1 Mem:304.91M (Peak 304.91M) | Time:00:00.06 | Mem:0.00M, Peak:0.00M | RESTORATION / 02 / Form and structure, 视图层 | Synchronizing object | camera tripod leg
Fra:1 Mem:304.95M (Peak 304.95M) | Time:00:00.06 | Mem:0.00M, Peak:0.00M | RESTORATION / 02 / Form and structure, 视图层 | Synchronizing object | camera tripod leg.001
Fra:1 Mem:304.98M (Peak 304.98M) | Time:00:00.06 | Mem:0.00M, Peak:0.00M | RESTORATION / 02 / Form and structure, 视图层 | Synchronizing object | camera tripod leg.002
Fra:1 Mem:304.96M (Peak 304.98M) | Time:00:00.06 | Mem:0.00M, Peak:0.00M | RESTORATION / 02 / Form and structure, 视图层 | Synchronizing object | camera head
Fra:1 Mem:304.96M (Peak 304.98M) | Time:00:00.06 | Mem:0.00M, Peak:0.00M | RESTORATION / 02 / Form and structure, 视图层 | Synchronizing object | reflector tripod leg
Fra:1 Mem:305.00M (Peak 305.00M) | Time:00:00.06 | Mem:0.00M, Peak:0.00M | RESTORATION / 02 / Form and structure, 视图层 | Synchronizing object | reflector tripod leg.001
Fra:1 Mem:305.00M (Peak 305.00M) | Time:00:00.06 | Mem:0.00M, Peak:0.00M | RESTORATION / 02 / Form and structure, 视图层 | Synchronizing object | reflector tripod leg.002
Fra:1 Mem:305.07M (Peak 305.07M) | Time:00:00.06 | Mem:0.00M, Peak:0.00M | RESTORATION / 02 / Form and structure, 视图层 | Synchronizing object | Metal reflector
Fra:1 Mem:305.07M (Peak 305.07M) | Time:00:00.06 | Mem:0.00M, Peak:0.00M | RESTORATION / 02 / Form and structure, 视图层 | Synchronizing object | halogen tripod leg
Fra:1 Mem:305.10M (Peak 305.10M) | Time:00:00.06 | Mem:0.00M, Peak:0.00M | RESTORATION / 02 / Form and structure, 视图层 | Synchronizing object | halogen tripod leg.001
Fra:1 Mem:305.16M (Peak 305.16M) | Time:00:00.06 | Mem:0.00M, Peak:0.00M | RESTORATION / 02 / Form and structure, 视图层 | Synchronizing object | halogen tripod leg.002
Fra:1 Mem:305.17M (Peak 305.16M) | Time:00:00.06 | Mem:0.00M, Peak:0.00M | RESTORATION / 02 / Form and structure, 视图层 | Synchronizing object | halogen stand
Fra:1 Mem:305.27M (Peak 305.27M) | Time:00:00.06 | Mem:0.00M, Peak:0.00M | RESTORATION / 02 / Form and structure, 视图层 | Synchronizing object | halogen head
Fra:1 Mem:305.30M (Peak 305.30M) | Time:00:00.06 | Mem:0.00M, Peak:0.00M | RESTORATION / 02 / Form and structure, 视图层 | Synchronizing object | Cabinet drawer.018
Fra:1 Mem:305.28M (Peak 305.30M) | Time:00:00.06 | Mem:0.00M, Peak:0.00M | RESTORATION / 02 / Form and structure, 视图层 | Synchronizing object | Cabinet drawer.020
Fra:1 Mem:305.36M (Peak 305.35M) | Time:00:00.06 | Mem:0.00M, Peak:0.00M | RESTORATION / 02 / Form and structure, 视图层 | Synchronizing object | Cabinet drawer.021
Fra:1 Mem:305.36M (Peak 305.36M) | Time:00:00.06 | Mem:0.00M, Peak:0.00M | RESTORATION / 02 / Form and structure, 视图层 | Synchronizing object | Cabinet drawer.022
Fra:1 Mem:305.39M (Peak 305.39M) | Time:00:00.06 | Mem:0.00M, Peak:0.00M | RESTORATION / 02 / Form and structure, 视图层 | Synchronizing object | Cabinet drawer.023
Fra:1 Mem:305.38M (Peak 305.39M) | Time:00:00.06 | Mem:0.00M, Peak:0.00M | RESTORATION / 02 / Form and structure, 视图层 | Synchronizing object | Cabinet body.007
Fra:1 Mem:305.41M (Peak 305.41M) | Time:00:00.06 | Mem:0.00M, Peak:0.00M | RESTORATION / 02 / Form and structure, 视图层 | Synchronizing object | Cabinet drawer.024
Fra:1 Mem:305.44M (Peak 305.44M) | Time:00:00.06 | Mem:0.00M, Peak:0.00M | RESTORATION / 02 / Form and structure, 视图层 | Synchronizing object | Cabinet drawer.025
Fra:1 Mem:305.44M (Peak 305.44M) | Time:00:00.06 | Mem:0.00M, Peak:0.00M | RESTORATION / 02 / Form and structure, 视图层 | Synchronizing object | Cabinet drawer.026
Fra:1 Mem:305.49M (Peak 305.49M) | Time:00:00.06 | Mem:0.00M, Peak:0.00M | RESTORATION / 02 / Form and structure, 视图层 | Synchronizing object | Stored frame rail.001
Fra:1 Mem:305.49M (Peak 305.49M) | Time:00:00.06 | Mem:0.00M, Peak:0.00M | RESTORATION / 02 / Form and structure, 视图层 | Synchronizing object | Stored frame stile
Fra:1 Mem:305.49M (Peak 305.49M) | Time:00:00.06 | Mem:0.00M, Peak:0.00M | RESTORATION / 02 / Form and structure, 视图层 | Synchronizing object | Stored frame stile.001
Fra:1 Mem:305.49M (Peak 305.49M) | Time:00:00.06 | Mem:0.00M, Peak:0.00M | RESTORATION / 02 / Form and structure, 视图层 | Synchronizing object | Stored frame rail.003
Fra:1 Mem:305.54M (Peak 305.54M) | Time:00:00.06 | Mem:0.00M, Peak:0.00M | RESTORATION / 02 / Form and structure, 视图层 | Synchronizing object | Stored frame stile.003
Fra:1 Mem:305.55M (Peak 305.55M) | Time:00:00.06 | Mem:0.00M, Peak:0.00M | RESTORATION / 02 / Form and structure, 视图层 | Synchronizing object | Supply trolley tray
Fra:1 Mem:305.56M (Peak 305.56M) | Time:00:00.06 | Mem:0.00M, Peak:0.00M | RESTORATION / 02 / Form and structure, 视图层 | Synchronizing object | Supply trolley tray.002
Fra:1 Mem:305.60M (Peak 305.60M) | Time:00:00.06 | Mem:0.00M, Peak:0.00M | RESTORATION / 02 / Form and structure, 视图层 | Synchronizing object | Trolley post
Fra:1 Mem:305.66M (Peak 305.66M) | Time:00:00.06 | Mem:0.00M, Peak:0.00M | RESTORATION / 02 / Form and structure, 视图层 | Synchronizing object | Trolley post.001
Fra:1 Mem:305.72M (Peak 305.72M) | Time:00:00.06 | Mem:0.00M, Peak:0.00M | RESTORATION / 02 / Form and structure, 视图层 | Synchronizing object | Trolley post.002
帧:1 内存:305.89M (峰值 305.89M) | 时间:00:00.06 | Mem:0.00M, Peak:0.00M | RESTORATION / 02 / Form and structure, 视图层 | Initializing
Fra:1 Mem:301.36M (Peak 305.89M) | Time:00:00.06 | Mem:0.00M, Peak:0.00M | RESTORATION / 02 / Form and structure, 视图层 | Waiting for render to start
Fra:1 Mem:301.36M (Peak 305.89M) | Time:00:00.06 | Mem:0.00M, Peak:0.00M | RESTORATION / 02 / Form and structure, 视图层 | Updating Scene
Fra:1 Mem:301.36M (Peak 305.89M) | Time:00:00.06 | Mem:0.00M, Peak:0.00M | RESTORATION / 02 / Form and structure, 视图层 | Updating Shaders
Fra:1 Mem:301.36M (Peak 305.89M) | Time:00:00.06 | Mem:0.00M, Peak:0.00M | RESTORATION / 02 / Form and structure, 视图层 | Loading render kernels (may take a few minutes the first time)
Fra:1 Mem:301.45M (Peak 329.47M) | Time:00:00.14 | Mem:0.01M, Peak:0.01M | RESTORATION / 02 / Form and structure, 视图层 | Updating Procedurals
Fra:1 Mem:301.45M (Peak 329.47M) | Time:00:00.14 | Mem:0.01M, Peak:0.01M | RESTORATION / 02 / Form and structure, 视图层 | Updating Background
Fra:1 Mem:301.45M (Peak 329.47M) | Time:00:00.14 | Mem:0.01M, Peak:0.01M | RESTORATION / 02 / Form and structure, 视图层 | Updating Camera
Fra:1 Mem:301.45M (Peak 329.47M) | Time:00:00.14 | Mem:0.01M, Peak:0.01M | RESTORATION / 02 / Form and structure, 视图层 | Updating Meshes Flags
Fra:1 Mem:301.45M (Peak 329.47M) | Time:00:00.14 | Mem:0.01M, Peak:0.01M | RESTORATION / 02 / Form and structure, 视图层 | Updating Objects
Fra:1 Mem:301.45M (Peak 329.47M) | Time:00:00.14 | Mem:0.01M, Peak:0.01M | RESTORATION / 02 / Form and structure, 视图层 | Updating Objects | Copying Transformations to device
Fra:1 Mem:301.47M (Peak 329.47M) | Time:00:00.14 | Mem:0.02M, Peak:0.02M | RESTORATION / 02 / Form and structure, 视图层 | Updating Particle Systems
Fra:1 Mem:301.47M (Peak 329.47M) | Time:00:00.14 | Mem:0.02M, Peak:0.02M | RESTORATION / 02 / Form and structure, 视图层 | Updating Particle Systems | Copying Particles to device
Fra:1 Mem:301.47M (Peak 329.47M) | Time:00:00.14 | Mem:0.02M, Peak:0.02M | RESTORATION / 02 / Form and structure, 视图层 | Updating Meshes
Fra:1 Mem:301.47M (Peak 329.47M) | Time:00:00.14 | Mem:0.02M, Peak:0.02M | RESTORATION / 02 / Form and structure, 视图层 | Updating Objects | Applying Static Transformations
Fra:1 Mem:301.47M (Peak 329.47M) | Time:00:00.14 | Mem:0.02M, Peak:0.02M | RESTORATION / 02 / Form and structure, 视图层 | Updating Mesh | Computing attributes
Fra:1 Mem:301.74M (Peak 329.47M) | Time:00:00.14 | Mem:0.03M, Peak:0.03M | RESTORATION / 02 / Form and structure, 视图层 | Updating Mesh | Copying Attributes to device
Fra:1 Mem:301.73M (Peak 329.47M) | Time:00:00.14 | Mem:0.29M, Peak:0.29M | RESTORATION / 02 / Form and structure, 视图层 | Updating Scene BVH | Building
Fra:1 Mem:301.74M (Peak 329.47M) | Time:00:00.14 | Mem:0.29M, Peak:0.29M | RESTORATION / 02 / Form and structure, 视图层 | Updating Scene BVH | Building BVH
Fra:1 Mem:302.42M (Peak 329.47M) | Time:00:00.15 | Mem:0.29M, Peak:0.29M | RESTORATION / 02 / Form and structure, 视图层 | Updating Scene BVH | Packing BVH triangles and strands
Fra:1 Mem:302.46M (Peak 329.47M) | Time:00:00.15 | Mem:0.29M, Peak:0.29M | RESTORATION / 02 / Form and structure, 视图层 | Updating Scene BVH | Packing BVH nodes
Fra:1 Mem:302.49M (Peak 329.47M) | Time:00:00.15 | Mem:0.29M, Peak:0.29M | RESTORATION / 02 / Form and structure, 视图层 | Updating Scene BVH | Copying BVH to device
Fra:1 Mem:302.49M (Peak 329.47M) | Time:00:00.15 | Mem:0.67M, Peak:0.67M | RESTORATION / 02 / Form and structure, 视图层 | Updating Mesh | Computing normals
Fra:1 Mem:303.19M (Peak 329.47M) | Time:00:00.15 | Mem:0.67M, Peak:0.67M | RESTORATION / 02 / Form and structure, 视图层 | Updating Mesh | Copying Mesh to device
Fra:1 Mem:303.19M (Peak 329.47M) | Time:00:00.15 | Mem:1.37M, Peak:1.37M | RESTORATION / 02 / Form and structure, 视图层 | Updating Objects Flags
Fra:1 Mem:303.19M (Peak 329.47M) | Time:00:00.15 | Mem:1.37M, Peak:1.37M | RESTORATION / 02 / Form and structure, 视图层 | Updating Primitive Offsets
Fra:1 Mem:303.19M (Peak 329.47M) | Time:00:00.15 | Mem:1.37M, Peak:1.37M | RESTORATION / 02 / Form and structure, 视图层 | Updating Images
Fra:1 Mem:303.19M (Peak 329.47M) | Time:00:00.15 | Mem:1.37M, Peak:1.37M | RESTORATION / 02 / Form and structure, 视图层 | Updating Camera Volume
Fra:1 Mem:303.19M (Peak 329.47M) | Time:00:00.15 | Mem:1.37M, Peak:1.37M | RESTORATION / 02 / Form and structure, 视图层 | Updating Lookup Tables
Fra:1 Mem:303.19M (Peak 329.47M) | Time:00:00.15 | Mem:1.45M, Peak:1.45M | RESTORATION / 02 / Form and structure, 视图层 | Updating Lights
Fra:1 Mem:303.19M (Peak 329.47M) | Time:00:00.15 | Mem:1.45M, Peak:1.45M | RESTORATION / 02 / Form and structure, 视图层 | Updating Lights | Computing tree
Fra:1 Mem:303.19M (Peak 329.47M) | Time:00:00.15 | Mem:1.45M, Peak:1.45M | RESTORATION / 02 / Form and structure, 视图层 | Updating Integrator
Fra:1 Mem:303.19M (Peak 329.47M) | Time:00:00.15 | Mem:1.45M, Peak:1.45M | RESTORATION / 02 / Form and structure, 视图层 | Updating Film
Fra:1 Mem:303.20M (Peak 329.47M) | Time:00:00.15 | Mem:1.37M, Peak:1.45M | RESTORATION / 02 / Form and structure, 视图层 | Updating Lookup Tables
Fra:1 Mem:303.20M (Peak 329.47M) | Time:00:00.15 | Mem:1.46M, Peak:1.46M | RESTORATION / 02 / Form and structure, 视图层 | Updating Baking
Fra:1 Mem:303.20M (Peak 329.47M) | Time:00:00.15 | Mem:1.46M, Peak:1.46M | RESTORATION / 02 / Form and structure, 视图层 | Updating Device | Writing constant memory
Fra:1 Mem:303.20M (Peak 329.47M) | Time:00:00.15 | Mem:1.46M, Peak:1.46M | RESTORATION / 02 / Form and structure, 视图层 | Loading denoising kernels (may take a few minutes the first time)
Fra:1 Mem:310.89M (Peak 329.47M) | Time:00:00.16 | Mem:677.96M, Peak:677.96M | RESTORATION / 02 / Form and structure, 视图层 | Sample 0/40
Fra:1 Mem:376.13M (Peak 376.13M) | Time:00:00.18 | Remaining:00:00.59 | Mem:743.19M, Peak:743.19M | RESTORATION / 02 / Form and structure, 视图层 | Sample 1/40
Fra:1 Mem:403.60M (Peak 444.80M) | Time:00:01.63 | Mem:743.20M, Peak:743.20M | RESTORATION / 02 / Form and structure, 视图层 | Sample 40/40
Fra:1 Mem:403.60M (Peak 444.80M) | Time:00:01.63 | Mem:743.20M, Peak:743.20M | RESTORATION / 02 / Form and structure, 视图层 | Finished
Saved: 'E:\GodotProject\悬疑建造\design\presentation\process\renders\restoration-stage-2.png'
Time: 00:01.75 (Saving: 00:00.05)

PROCESS_RENDER_DONE restoration-stage-2
PROCESS_RENDER_START restoration-stage-3
Fra:1 Mem:340.92M (Peak 340.92M) | Time:00:00.07 | Mem:0.00M, Peak:0.00M | RESTORATION / 03 / Detailed clay, 视图层 | Synchronizing object | Large studio key.008
Fra:1 Mem:340.92M (Peak 340.92M) | Time:00:00.07 | Mem:0.00M, Peak:0.00M | RESTORATION / 03 / Detailed clay, 视图层 | Synchronizing object | Side wall upper.005
Fra:1 Mem:340.92M (Peak 340.92M) | Time:00:00.07 | Mem:0.00M, Peak:0.00M | RESTORATION / 03 / Detailed clay, 视图层 | Synchronizing object | Window pier.011
Fra:1 Mem:340.92M (Peak 340.92M) | Time:00:00.07 | Mem:0.00M, Peak:0.00M | RESTORATION / 03 / Detailed clay, 视图层 | Synchronizing object | Window pane.005
Fra:1 Mem:340.96M (Peak 340.96M) | Time:00:00.07 | Mem:0.00M, Peak:0.00M | RESTORATION / 03 / Detailed clay, 视图层 | Synchronizing object | Window mullion.015
Fra:1 Mem:340.96M (Peak 340.96M) | Time:00:00.07 | Mem:0.00M, Peak:0.00M | RESTORATION / 03 / Detailed clay, 视图层 | Synchronizing object | Window mullion.017
Fra:1 Mem:340.99M (Peak 340.99M) | Time:00:00.07 | Mem:0.00M, Peak:0.00M | RESTORATION / 03 / Detailed clay, 视图层 | Synchronizing object | Window crossbar.015
Fra:1 Mem:341.00M (Peak 341.00M) | Time:00:00.07 | Mem:0.00M, Peak:0.00M | RESTORATION / 03 / Detailed clay, 视图层 | Synchronizing object | Window crossbar.017
Fra:1 Mem:341.03M (Peak 341.03M) | Time:00:00.07 | Mem:0.00M, Peak:0.00M | RESTORATION / 03 / Detailed clay, 视图层 | Synchronizing object | Window sill.005
Fra:1 Mem:341.03M (Peak 341.03M) | Time:00:00.07 | Mem:0.00M, Peak:0.00M | RESTORATION / 03 / Detailed clay, 视图层 | Synchronizing object | Rear panel seam.010
Fra:1 Mem:341.04M (Peak 341.04M) | Time:00:00.07 | Mem:0.00M, Peak:0.00M | RESTORATION / 03 / Detailed clay, 视图层 | Synchronizing object | Rear panel seam.011
Fra:1 Mem:341.05M (Peak 341.05M) | Time:00:00.07 | Mem:0.00M, Peak:0.00M | RESTORATION / 03 / Detailed clay, 视图层 | Synchronizing object | Rear panel seam.013
Fra:1 Mem:341.07M (Peak 341.07M) | Time:00:00.07 | Mem:0.00M, Peak:0.00M | RESTORATION / 03 / Detailed clay, 视图层 | Synchronizing object | Floor seam.039
Fra:1 Mem:341.09M (Peak 341.09M) | Time:00:00.07 | Mem:0.00M, Peak:0.00M | RESTORATION / 03 / Detailed clay, 视图层 | Synchronizing object | Tile seam
Fra:1 Mem:341.10M (Peak 341.10M) | Time:00:00.07 | Mem:0.00M, Peak:0.00M | RESTORATION / 03 / Detailed clay, 视图层 | Synchronizing object | Tile seam.002
Fra:1 Mem:341.09M (Peak 341.10M) | Time:00:00.07 | Mem:0.00M, Peak:0.00M | RESTORATION / 03 / Detailed clay, 视图层 | Synchronizing object | Tile seam.006
Fra:1 Mem:341.08M (Peak 341.10M) | Time:00:00.07 | Mem:0.00M, Peak:0.00M | RESTORATION / 03 / Detailed clay, 视图层 | Synchronizing object | Tile seam.008
Fra:1 Mem:341.12M (Peak 341.12M) | Time:00:00.07 | Mem:0.00M, Peak:0.00M | RESTORATION / 03 / Detailed clay, 视图层 | Synchronizing object | Tile seam.010
Fra:1 Mem:341.09M (Peak 341.12M) | Time:00:00.07 | Mem:0.00M, Peak:0.00M | RESTORATION / 03 / Detailed clay, 视图层 | Synchronizing object | Tile seam.011
Fra:1 Mem:341.09M (Peak 341.12M) | Time:00:00.07 | Mem:0.00M, Peak:0.00M | RESTORATION / 03 / Detailed clay, 视图层 | Synchronizing object | Tile seam.012
Fra:1 Mem:341.10M (Peak 341.12M) | Time:00:00.07 | Mem:0.00M, Peak:0.00M | RESTORATION / 03 / Detailed clay, 视图层 | Synchronizing object | Tile seam.013
Fra:1 Mem:341.12M (Peak 341.12M) | Time:00:00.07 | Mem:0.00M, Peak:0.00M | RESTORATION / 03 / Detailed clay, 视图层 | Synchronizing object | Tile seam.014
Fra:1 Mem:341.11M (Peak 341.12M) | Time:00:00.07 | Mem:0.00M, Peak:0.00M | RESTORATION / 03 / Detailed clay, 视图层 | Synchronizing object | Tile seam.015
Fra:1 Mem:341.11M (Peak 341.12M) | Time:00:00.07 | Mem:0.00M, Peak:0.00M | RESTORATION / 03 / Detailed clay, 视图层 | Synchronizing object | Tile seam.016
Fra:1 Mem:341.11M (Peak 341.12M) | Time:00:00.07 | Mem:0.00M, Peak:0.00M | RESTORATION / 03 / Detailed clay, 视图层 | Synchronizing object | Floor seam.041
Fra:1 Mem:341.11M (Peak 341.12M) | Time:00:00.07 | Mem:0.00M, Peak:0.00M | RESTORATION / 03 / Detailed clay, 视图层 | Synchronizing object | Tile seam.019
Fra:1 Mem:341.11M (Peak 341.12M) | Time:00:00.07 | Mem:0.00M, Peak:0.00M | RESTORATION / 03 / Detailed clay, 视图层 | Synchronizing object | Tile seam.020
Fra:1 Mem:341.12M (Peak 341.12M) | Time:00:00.07 | Mem:0.00M, Peak:0.00M | RESTORATION / 03 / Detailed clay, 视图层 | Synchronizing object | Tile seam.021
Fra:1 Mem:341.12M (Peak 341.12M) | Time:00:00.07 | Mem:0.00M, Peak:0.00M | RESTORATION / 03 / Detailed clay, 视图层 | Synchronizing object | Tile seam.023
Fra:1 Mem:341.12M (Peak 341.12M) | Time:00:00.07 | Mem:0.00M, Peak:0.00M | RESTORATION / 03 / Detailed clay, 视图层 | Synchronizing object | Tile seam.024
Fra:1 Mem:341.14M (Peak 341.14M) | Time:00:00.07 | Mem:0.00M, Peak:0.00M | RESTORATION / 03 / Detailed clay, 视图层 | Synchronizing object | Tile seam.025
Fra:1 Mem:341.16M (Peak 341.16M) | Time:00:00.07 | Mem:0.00M, Peak:0.00M | RESTORATION / 03 / Detailed clay, 视图层 | Synchronizing object | Tile seam.026
Fra:1 Mem:341.16M (Peak 341.16M) | Time:00:00.07 | Mem:0.00M, Peak:0.00M | RESTORATION / 03 / Detailed clay, 视图层 | Synchronizing object | Tile seam.027
Fra:1 Mem:341.16M (Peak 341.16M) | Time:00:00.07 | Mem:0.00M, Peak:0.00M | RESTORATION / 03 / Detailed clay, 视图层 | Synchronizing object | Tile seam.028
Fra:1 Mem:341.17M (Peak 341.17M) | Time:00:00.07 | Mem:0.00M, Peak:0.00M | RESTORATION / 03 / Detailed clay, 视图层 | Synchronizing object | Tile seam.029
Fra:1 Mem:341.16M (Peak 341.17M) | Time:00:00.07 | Mem:0.00M, Peak:0.00M | RESTORATION / 03 / Detailed clay, 视图层 | Synchronizing object | Tile seam.031
Fra:1 Mem:341.16M (Peak 341.17M) | Time:00:00.07 | Mem:0.00M, Peak:0.00M | RESTORATION / 03 / Detailed clay, 视图层 | Synchronizing object | Tile seam.033
Fra:1 Mem:341.16M (Peak 341.17M) | Time:00:00.07 | Mem:0.00M, Peak:0.00M | RESTORATION / 03 / Detailed clay, 视图层 | Synchronizing object | Tile seam.034
Fra:1 Mem:341.16M (Peak 341.17M) | Time:00:00.07 | Mem:0.00M, Peak:0.00M | RESTORATION / 03 / Detailed clay, 视图层 | Synchronizing object | Tile seam.035
Fra:1 Mem:341.17M (Peak 341.17M) | Time:00:00.07 | Mem:0.00M, Peak:0.00M | RESTORATION / 03 / Detailed clay, 视图层 | Synchronizing object | Floor seam.043
Fra:1 Mem:341.17M (Peak 341.17M) | Time:00:00.07 | Mem:0.00M, Peak:0.00M | RESTORATION / 03 / Detailed clay, 视图层 | Synchronizing object | Tile seam.038
Fra:1 Mem:341.17M (Peak 341.17M) | Time:00:00.07 | Mem:0.00M, Peak:0.00M | RESTORATION / 03 / Detailed clay, 视图层 | Synchronizing object | Tile seam.039
Fra:1 Mem:341.19M (Peak 341.19M) | Time:00:00.07 | Mem:0.00M, Peak:0.00M | RESTORATION / 03 / Detailed clay, 视图层 | Synchronizing object | Tile seam.040
Fra:1 Mem:341.19M (Peak 341.19M) | Time:00:00.07 | Mem:0.00M, Peak:0.00M | RESTORATION / 03 / Detailed clay, 视图层 | Synchronizing object | Tile seam.041
Fra:1 Mem:341.19M (Peak 341.19M) | Time:00:00.07 | Mem:0.00M, Peak:0.00M | RESTORATION / 03 / Detailed clay, 视图层 | Synchronizing object | Tile seam.043
Fra:1 Mem:341.20M (Peak 341.20M) | Time:00:00.07 | Mem:0.00M, Peak:0.00M | RESTORATION / 03 / Detailed clay, 视图层 | Synchronizing object | Tile seam.044
Fra:1 Mem:341.22M (Peak 341.22M) | Time:00:00.07 | Mem:0.00M, Peak:0.00M | RESTORATION / 03 / Detailed clay, 视图层 | Synchronizing object | Floor seam.044
Fra:1 Mem:341.21M (Peak 341.22M) | Time:00:00.07 | Mem:0.00M, Peak:0.00M | RESTORATION / 03 / Detailed clay, 视图层 | Synchronizing object | Tile seam.045
Fra:1 Mem:341.21M (Peak 341.22M) | Time:00:00.07 | Mem:0.00M, Peak:0.00M | RESTORATION / 03 / Detailed clay, 视图层 | Synchronizing object | Tile seam.046
Fra:1 Mem:341.21M (Peak 341.22M) | Time:00:00.07 | Mem:0.00M, Peak:0.00M | RESTORATION / 03 / Detailed clay, 视图层 | Synchronizing object | Tile seam.047
Fra:1 Mem:341.22M (Peak 341.22M) | Time:00:00.07 | Mem:0.00M, Peak:0.00M | RESTORATION / 03 / Detailed clay, 视图层 | Synchronizing object | Tile seam.048
Fra:1 Mem:341.23M (Peak 341.23M) | Time:00:00.07 | Mem:0.00M, Peak:0.00M | RESTORATION / 03 / Detailed clay, 视图层 | Synchronizing object | Tile seam.050
Fra:1 Mem:341.22M (Peak 341.23M) | Time:00:00.07 | Mem:0.00M, Peak:0.00M | RESTORATION / 03 / Detailed clay, 视图层 | Synchronizing object | Tile seam.051
Fra:1 Mem:341.24M (Peak 341.24M) | Time:00:00.07 | Mem:0.00M, Peak:0.00M | RESTORATION / 03 / Detailed clay, 视图层 | Synchronizing object | Tile seam.052
Fra:1 Mem:341.24M (Peak 341.24M) | Time:00:00.07 | Mem:0.00M, Peak:0.00M | RESTORATION / 03 / Detailed clay, 视图层 | Synchronizing object | Tile seam.053
Fra:1 Mem:341.24M (Peak 341.24M) | Time:00:00.07 | Mem:0.00M, Peak:0.00M | RESTORATION / 03 / Detailed clay, 视图层 | Synchronizing object | Tile seam.054
Fra:1 Mem:341.26M (Peak 341.26M) | Time:00:00.07 | Mem:0.00M, Peak:0.00M | RESTORATION / 03 / Detailed clay, 视图层 | Synchronizing object | Tile seam.058
Fra:1 Mem:341.24M (Peak 341.26M) | Time:00:00.07 | Mem:0.00M, Peak:0.00M | RESTORATION / 03 / Detailed clay, 视图层 | Synchronizing object | Tile seam.060
Fra:1 Mem:341.24M (Peak 341.26M) | Time:00:00.07 | Mem:0.00M, Peak:0.00M | RESTORATION / 03 / Detailed clay, 视图层 | Synchronizing object | Tile seam.061
Fra:1 Mem:341.24M (Peak 341.26M) | Time:00:00.07 | Mem:0.00M, Peak:0.00M | RESTORATION / 03 / Detailed clay, 视图层 | Synchronizing object | Tile seam.062
Fra:1 Mem:341.25M (Peak 341.26M) | Time:00:00.07 | Mem:0.00M, Peak:0.00M | RESTORATION / 03 / Detailed clay, 视图层 | Synchronizing object | Floor seam.046
Fra:1 Mem:341.25M (Peak 341.26M) | Time:00:00.07 | Mem:0.00M, Peak:0.00M | RESTORATION / 03 / Detailed clay, 视图层 | Synchronizing object | Tile seam.063
Fra:1 Mem:341.27M (Peak 341.27M) | Time:00:00.07 | Mem:0.00M, Peak:0.00M | RESTORATION / 03 / Detailed clay, 视图层 | Synchronizing object | Tile seam.064
Fra:1 Mem:341.28M (Peak 341.28M) | Time:00:00.07 | Mem:0.00M, Peak:0.00M | RESTORATION / 03 / Detailed clay, 视图层 | Synchronizing object | Tile seam.067
Fra:1 Mem:341.28M (Peak 341.28M) | Time:00:00.07 | Mem:0.00M, Peak:0.00M | RESTORATION / 03 / Detailed clay, 视图层 | Synchronizing object | Tile seam.068
Fra:1 Mem:341.27M (Peak 341.28M) | Time:00:00.07 | Mem:0.00M, Peak:0.00M | RESTORATION / 03 / Detailed clay, 视图层 | Synchronizing object | Tile seam.069
Fra:1 Mem:341.28M (Peak 341.28M) | Time:00:00.07 | Mem:0.00M, Peak:0.00M | RESTORATION / 03 / Detailed clay, 视图层 | Synchronizing object | Tile seam.070
Fra:1 Mem:341.28M (Peak 341.28M) | Time:00:00.07 | Mem:0.00M, Peak:0.00M | RESTORATION / 03 / Detailed clay, 视图层 | Synchronizing object | Tile seam.071
Fra:1 Mem:341.29M (Peak 341.29M) | Time:00:00.07 | Mem:0.00M, Peak:0.00M | RESTORATION / 03 / Detailed clay, 视图层 | Synchronizing object | Tile seam.072
Fra:1 Mem:341.28M (Peak 341.29M) | Time:00:00.07 | Mem:0.00M, Peak:0.00M | RESTORATION / 03 / Detailed clay, 视图层 | Synchronizing object | Tile seam.073
Fra:1 Mem:341.28M (Peak 341.29M) | Time:00:00.07 | Mem:0.00M, Peak:0.00M | RESTORATION / 03 / Detailed clay, 视图层 | Synchronizing object | Tile seam.074
Fra:1 Mem:341.28M (Peak 341.29M) | Time:00:00.07 | Mem:0.00M, Peak:0.00M | RESTORATION / 03 / Detailed clay, 视图层 | Synchronizing object | Tile seam.075
Fra:1 Mem:341.28M (Peak 341.29M) | Time:00:00.07 | Mem:0.00M, Peak:0.00M | RESTORATION / 03 / Detailed clay, 视图层 | Synchronizing object | Tile seam.078
Fra:1 Mem:341.29M (Peak 341.29M) | Time:00:00.07 | Mem:0.00M, Peak:0.00M | RESTORATION / 03 / Detailed clay, 视图层 | Synchronizing object | Tile seam.079
Fra:1 Mem:341.29M (Peak 341.29M) | Time:00:00.07 | Mem:0.00M, Peak:0.00M | RESTORATION / 03 / Detailed clay, 视图层 | Synchronizing object | Tile seam.080
Fra:1 Mem:341.31M (Peak 341.31M) | Time:00:00.07 | Mem:0.00M, Peak:0.00M | RESTORATION / 03 / Detailed clay, 视图层 | Synchronizing object | Floor seam.048
Fra:1 Mem:341.31M (Peak 341.31M) | Time:00:00.07 | Mem:0.00M, Peak:0.00M | RESTORATION / 03 / Detailed clay, 视图层 | Synchronizing object | Tile seam.081
Fra:1 Mem:341.31M (Peak 341.31M) | Time:00:00.07 | Mem:0.00M, Peak:0.00M | RESTORATION / 03 / Detailed clay, 视图层 | Synchronizing object | Tile seam.082
Fra:1 Mem:341.32M (Peak 341.32M) | Time:00:00.07 | Mem:0.00M, Peak:0.00M | RESTORATION / 03 / Detailed clay, 视图层 | Synchronizing object | Tile seam.083
Fra:1 Mem:341.33M (Peak 341.33M) | Time:00:00.07 | Mem:0.00M, Peak:0.00M | RESTORATION / 03 / Detailed clay, 视图层 | Synchronizing object | Tile seam.084
Fra:1 Mem:341.33M (Peak 341.33M) | Time:00:00.07 | Mem:0.00M, Peak:0.00M | RESTORATION / 03 / Detailed clay, 视图层 | Synchronizing object | Tile seam.086
Fra:1 Mem:341.33M (Peak 341.33M) | Time:00:00.07 | Mem:0.00M, Peak:0.00M | RESTORATION / 03 / Detailed clay, 视图层 | Synchronizing object | Tile seam.087
Fra:1 Mem:341.34M (Peak 341.34M) | Time:00:00.07 | Mem:0.00M, Peak:0.00M | RESTORATION / 03 / Detailed clay, 视图层 | Synchronizing object | Tile seam.088
Fra:1 Mem:341.33M (Peak 341.34M) | Time:00:00.07 | Mem:0.00M, Peak:0.00M | RESTORATION / 03 / Detailed clay, 视图层 | Synchronizing object | Tile seam.089
Fra:1 Mem:341.33M (Peak 341.34M) | Time:00:00.07 | Mem:0.00M, Peak:0.00M | RESTORATION / 03 / Detailed clay, 视图层 | Synchronizing object | Tile seam.090
Fra:1 Mem:341.34M (Peak 341.34M) | Time:00:00.07 | Mem:0.00M, Peak:0.00M | RESTORATION / 03 / Detailed clay, 视图层 | Synchronizing object | Tile seam.093
Fra:1 Mem:341.34M (Peak 341.34M) | Time:00:00.07 | Mem:0.00M, Peak:0.00M | RESTORATION / 03 / Detailed clay, 视图层 | Synchronizing object | Tile seam.094
Fra:1 Mem:341.34M (Peak 341.34M) | Time:00:00.07 | Mem:0.00M, Peak:0.00M | RESTORATION / 03 / Detailed clay, 视图层 | Synchronizing object | Tile seam.095
Fra:1 Mem:341.34M (Peak 341.34M) | Time:00:00.07 | Mem:0.00M, Peak:0.00M | RESTORATION / 03 / Detailed clay, 视图层 | Synchronizing object | Tile seam.096
Fra:1 Mem:341.34M (Peak 341.34M) | Time:00:00.07 | Mem:0.00M, Peak:0.00M | RESTORATION / 03 / Detailed clay, 视图层 | Synchronizing object | Tile seam.097
Fra:1 Mem:341.34M (Peak 341.34M) | Time:00:00.07 | Mem:0.00M, Peak:0.00M | RESTORATION / 03 / Detailed clay, 视图层 | Synchronizing object | Tile seam.098
Fra:1 Mem:341.35M (Peak 341.35M) | Time:00:00.07 | Mem:0.00M, Peak:0.00M | RESTORATION / 03 / Detailed clay, 视图层 | Synchronizing object | Floor seam.050
Fra:1 Mem:341.35M (Peak 341.35M) | Time:00:00.07 | Mem:0.00M, Peak:0.00M | RESTORATION / 03 / Detailed clay, 视图层 | Synchronizing object | Tile seam.101
Fra:1 Mem:341.35M (Peak 341.35M) | Time:00:00.07 | Mem:0.00M, Peak:0.00M | RESTORATION / 03 / Detailed clay, 视图层 | Synchronizing object | Tile seam.102
Fra:1 Mem:341.35M (Peak 341.35M) | Time:00:00.07 | Mem:0.00M, Peak:0.00M | RESTORATION / 03 / Detailed clay, 视图层 | Synchronizing object | Tile seam.103
Fra:1 Mem:341.35M (Peak 341.35M) | Time:00:00.07 | Mem:0.00M, Peak:0.00M | RESTORATION / 03 / Detailed clay, 视图层 | Synchronizing object | Tile seam.105
Fra:1 Mem:341.36M (Peak 341.36M) | Time:00:00.07 | Mem:0.00M, Peak:0.00M | RESTORATION / 03 / Detailed clay, 视图层 | Synchronizing object | Tile seam.106
Fra:1 Mem:341.36M (Peak 341.36M) | Time:00:00.07 | Mem:0.00M, Peak:0.00M | RESTORATION / 03 / Detailed clay, 视图层 | Synchronizing object | Floor seam.051
Fra:1 Mem:341.36M (Peak 341.36M) | Time:00:00.07 | Mem:0.00M, Peak:0.00M | RESTORATION / 03 / Detailed clay, 视图层 | Synchronizing object | Tile seam.108
Fra:1 Mem:341.36M (Peak 341.36M) | Time:00:00.07 | Mem:0.00M, Peak:0.00M | RESTORATION / 03 / Detailed clay, 视图层 | Synchronizing object | Tile seam.109
Fra:1 Mem:341.37M (Peak 341.37M) | Time:00:00.07 | Mem:0.00M, Peak:0.00M | RESTORATION / 03 / Detailed clay, 视图层 | Synchronizing object | Tile seam.110
Fra:1 Mem:341.37M (Peak 341.37M) | Time:00:00.07 | Mem:0.00M, Peak:0.00M | RESTORATION / 03 / Detailed clay, 视图层 | Synchronizing object | Tile seam.112
Fra:1 Mem:341.37M (Peak 341.37M) | Time:00:00.07 | Mem:0.00M, Peak:0.00M | RESTORATION / 03 / Detailed clay, 视图层 | Synchronizing object | Tile seam.113
Fra:1 Mem:341.37M (Peak 341.37M) | Time:00:00.07 | Mem:0.00M, Peak:0.00M | RESTORATION / 03 / Detailed clay, 视图层 | Synchronizing object | Tile seam.115
Fra:1 Mem:341.37M (Peak 341.37M) | Time:00:00.07 | Mem:0.00M, Peak:0.00M | RESTORATION / 03 / Detailed clay, 视图层 | Synchronizing object | Tile seam.116
Fra:1 Mem:341.37M (Peak 341.37M) | Time:00:00.07 | Mem:0.00M, Peak:0.00M | RESTORATION / 03 / Detailed clay, 视图层 | Synchronizing object | Floor seam.052
Fra:1 Mem:341.38M (Peak 341.38M) | Time:00:00.07 | Mem:0.00M, Peak:0.00M | RESTORATION / 03 / Detailed clay, 视图层 | Synchronizing object | Tile seam.117
Fra:1 Mem:341.38M (Peak 341.38M) | Time:00:00.07 | Mem:0.00M, Peak:0.00M | RESTORATION / 03 / Detailed clay, 视图层 | Synchronizing object | Tile seam.120
Fra:1 Mem:341.38M (Peak 341.38M) | Time:00:00.07 | Mem:0.00M, Peak:0.00M | RESTORATION / 03 / Detailed clay, 视图层 | Synchronizing object | Tile seam.121
Fra:1 Mem:341.38M (Peak 341.38M) | Time:00:00.07 | Mem:0.00M, Peak:0.00M | RESTORATION / 03 / Detailed clay, 视图层 | Synchronizing object | Tile seam.122
Fra:1 Mem:341.38M (Peak 341.38M) | Time:00:00.07 | Mem:0.00M, Peak:0.00M | RESTORATION / 03 / Detailed clay, 视图层 | Synchronizing object | Tile seam.124
Fra:1 Mem:341.39M (Peak 341.39M) | Time:00:00.07 | Mem:0.00M, Peak:0.00M | RESTORATION / 03 / Detailed clay, 视图层 | Synchronizing object | Tile seam.125
Fra:1 Mem:341.39M (Peak 341.39M) | Time:00:00.07 | Mem:0.00M, Peak:0.00M | RESTORATION / 03 / Detailed clay, 视图层 | Synchronizing object | Tile seam.126
Fra:1 Mem:341.39M (Peak 341.39M) | Time:00:00.07 | Mem:0.00M, Peak:0.00M | RESTORATION / 03 / Detailed clay, 视图层 | Synchronizing object | Tile seam.127
Fra:1 Mem:341.39M (Peak 341.39M) | Time:00:00.07 | Mem:0.00M, Peak:0.00M | RESTORATION / 03 / Detailed clay, 视图层 | Synchronizing object | Tile seam.129
Fra:1 Mem:341.40M (Peak 341.40M) | Time:00:00.07 | Mem:0.00M, Peak:0.00M | RESTORATION / 03 / Detailed clay, 视图层 | Synchronizing object | Tile seam.130
Fra:1 Mem:341.40M (Peak 341.40M) | Time:00:00.07 | Mem:0.00M, Peak:0.00M | RESTORATION / 03 / Detailed clay, 视图层 | Synchronizing object | Tile seam.131
Fra:1 Mem:341.40M (Peak 341.40M) | Time:00:00.07 | Mem:0.00M, Peak:0.00M | RESTORATION / 03 / Detailed clay, 视图层 | Synchronizing object | Tile seam.133
Fra:1 Mem:341.40M (Peak 341.40M) | Time:00:00.07 | Mem:0.00M, Peak:0.00M | RESTORATION / 03 / Detailed clay, 视图层 | Synchronizing object | Tile seam.134
Fra:1 Mem:341.40M (Peak 341.40M) | Time:00:00.07 | Mem:0.00M, Peak:0.00M | RESTORATION / 03 / Detailed clay, 视图层 | Synchronizing object | Floor seam.054
Fra:1 Mem:341.40M (Peak 341.40M) | Time:00:00.07 | Mem:0.00M, Peak:0.00M | RESTORATION / 03 / Detailed clay, 视图层 | Synchronizing object | Tile seam.135
Fra:1 Mem:341.41M (Peak 341.41M) | Time:00:00.07 | Mem:0.00M, Peak:0.00M | RESTORATION / 03 / Detailed clay, 视图层 | Synchronizing object | Tile seam.136
Fra:1 Mem:341.41M (Peak 341.41M) | Time:00:00.07 | Mem:0.00M, Peak:0.00M | RESTORATION / 03 / Detailed clay, 视图层 | Synchronizing object | Tile seam.138
Fra:1 Mem:341.41M (Peak 341.41M) | Time:00:00.07 | Mem:0.00M, Peak:0.00M | RESTORATION / 03 / Detailed clay, 视图层 | Synchronizing object | Tile seam.140
Fra:1 Mem:341.41M (Peak 341.41M) | Time:00:00.07 | Mem:0.00M, Peak:0.00M | RESTORATION / 03 / Detailed clay, 视图层 | Synchronizing object | Tile seam.141
Fra:1 Mem:341.41M (Peak 341.41M) | Time:00:00.07 | Mem:0.00M, Peak:0.00M | RESTORATION / 03 / Detailed clay, 视图层 | Synchronizing object | Tile seam.142
Fra:1 Mem:341.42M (Peak 341.42M) | Time:00:00.07 | Mem:0.00M, Peak:0.00M | RESTORATION / 03 / Detailed clay, 视图层 | Synchronizing object | Tile seam.143
Fra:1 Mem:341.42M (Peak 341.42M) | Time:00:00.07 | Mem:0.00M, Peak:0.00M | RESTORATION / 03 / Detailed clay, 视图层 | Synchronizing object | Tile seam.144
Fra:1 Mem:341.42M (Peak 341.42M) | Time:00:00.07 | Mem:0.00M, Peak:0.00M | RESTORATION / 03 / Detailed clay, 视图层 | Synchronizing object | Tile seam.145
Fra:1 Mem:341.42M (Peak 341.42M) | Time:00:00.07 | Mem:0.00M, Peak:0.00M | RESTORATION / 03 / Detailed clay, 视图层 | Synchronizing object | Tile seam.146
Fra:1 Mem:341.42M (Peak 341.42M) | Time:00:00.07 | Mem:0.00M, Peak:0.00M | RESTORATION / 03 / Detailed clay, 视图层 | Synchronizing object | Tile seam.148
Fra:1 Mem:341.43M (Peak 341.43M) | Time:00:00.07 | Mem:0.00M, Peak:0.00M | RESTORATION / 03 / Detailed clay, 视图层 | Synchronizing object | Tile seam.150
Fra:1 Mem:341.43M (Peak 341.43M) | Time:00:00.07 | Mem:0.00M, Peak:0.00M | RESTORATION / 03 / Detailed clay, 视图层 | Synchronizing object | Tile seam.151
Fra:1 Mem:341.43M (Peak 341.43M) | Time:00:00.08 | Mem:0.00M, Peak:0.00M | RESTORATION / 03 / Detailed clay, 视图层 | Synchronizing object | Tile seam.152
帧:1 内存:341.43M (峰值 341.43M) | 时间:00:00.08 | Mem:0.00M, Peak:0.00M | RESTORATION / 03 / Detailed clay, 视图层 | Synchronizing object | Calibration notice.001
Fra:1 Mem:341.43M (Peak 341.43M) | Time:00:00.08 | Mem:0.00M, Peak:0.00M | RESTORATION / 03 / Detailed clay, 视图层 | Synchronizing object | Table leg.021
Fra:1 Mem:341.44M (Peak 341.44M) | Time:00:00.08 | Mem:0.00M, Peak:0.00M | RESTORATION / 03 / Detailed clay, 视图层 | Synchronizing object | Table cross rail.004
Fra:1 Mem:341.48M (Peak 341.48M) | Time:00:00.08 | Mem:0.00M, Peak:0.00M | RESTORATION / 03 / Detailed clay, 视图层 | Synchronizing object | Table leg.022
Fra:1 Mem:341.47M (Peak 341.48M) | Time:00:00.08 | Mem:0.00M, Peak:0.00M | RESTORATION / 03 / Detailed clay, 视图层 | Synchronizing object | Table leg.023
Fra:1 Mem:341.48M (Peak 341.48M) | Time:00:00.08 | Mem:0.00M, Peak:0.00M | RESTORATION / 03 / Detailed clay, 视图层 | Synchronizing object | Table cross rail.005
Fra:1 Mem:341.51M (Peak 341.51M) | Time:00:00.08 | Mem:0.00M, Peak:0.00M | RESTORATION / 03 / Detailed clay, 视图层 | Synchronizing object | Stool seat.003
Fra:1 Mem:341.49M (Peak 341.51M) | Time:00:00.08 | Mem:0.00M, Peak:0.00M | RESTORATION / 03 / Detailed clay, 视图层 | Synchronizing object | Stool foot.012
Fra:1 Mem:341.48M (Peak 341.51M) | Time:00:00.08 | Mem:0.00M, Peak:0.00M | RESTORATION / 03 / Detailed clay, 视图层 | Synchronizing object | Stool foot.013
Fra:1 Mem:341.49M (Peak 341.51M) | Time:00:00.08 | Mem:0.00M, Peak:0.00M | RESTORATION / 03 / Detailed clay, 视图层 | Synchronizing object | Stool foot.015
Fra:1 Mem:341.60M (Peak 341.60M) | Time:00:00.08 | Mem:0.00M, Peak:0.00M | RESTORATION / 03 / Detailed clay, 视图层 | Synchronizing object | Stool foot ring.001
Fra:1 Mem:341.57M (Peak 341.60M) | Time:00:00.08 | Mem:0.00M, Peak:0.00M | RESTORATION / 03 / Detailed clay, 视图层 | Synchronizing object | Cold panel stand.002
Fra:1 Mem:341.58M (Peak 341.60M) | Time:00:00.08 | Mem:0.00M, Peak:0.00M | RESTORATION / 03 / Detailed clay, 视图层 | Synchronizing object | Cold panel stand.003
Fra:1 Mem:341.58M (Peak 341.60M) | Time:00:00.08 | Mem:0.00M, Peak:0.00M | RESTORATION / 03 / Detailed clay, 视图层 | Synchronizing object | Cold panel foot.003
Fra:1 Mem:341.63M (Peak 341.63M) | Time:00:00.08 | Mem:0.00M, Peak:0.00M | RESTORATION / 03 / Detailed clay, 视图层 | Synchronizing object | Wide cold panel frame.001
Fra:1 Mem:341.67M (Peak 341.67M) | Time:00:00.08 | Mem:0.00M, Peak:0.00M | RESTORATION / 03 / Detailed clay, 视图层 | Synchronizing object | camera tripod leg.003
Fra:1 Mem:341.67M (Peak 341.67M) | Time:00:00.08 | Mem:0.00M, Peak:0.00M | RESTORATION / 03 / Detailed clay, 视图层 | Synchronizing object | camera tripod leg.004
Fra:1 Mem:341.73M (Peak 341.73M) | Time:00:00.08 | Mem:0.00M, Peak:0.00M | RESTORATION / 03 / Detailed clay, 视图层 | Synchronizing object | camera head.001
Fra:1 Mem:341.71M (Peak 341.73M) | Time:00:00.08 | Mem:0.00M, Peak:0.00M | RESTORATION / 03 / Detailed clay, 视图层 | Synchronizing object | reflector tripod leg.004
Fra:1 Mem:341.72M (Peak 341.73M) | Time:00:00.08 | Mem:0.00M, Peak:0.00M | RESTORATION / 03 / Detailed clay, 视图层 | Synchronizing object | reflector tripod leg.005
Fra:1 Mem:341.79M (Peak 341.79M) | Time:00:00.08 | Mem:0.00M, Peak:0.00M | RESTORATION / 03 / Detailed clay, 视图层 | Synchronizing object | Metal reflector.001
Fra:1 Mem:341.80M (Peak 341.80M) | Time:00:00.08 | Mem:0.00M, Peak:0.00M | RESTORATION / 03 / Detailed clay, 视图层 | Synchronizing object | halogen tripod leg.003
Fra:1 Mem:341.84M (Peak 341.84M) | Time:00:00.08 | Mem:0.00M, Peak:0.00M | RESTORATION / 03 / Detailed clay, 视图层 | Synchronizing object | halogen tripod leg.004
Fra:1 Mem:341.90M (Peak 341.90M) | Time:00:00.08 | Mem:0.00M, Peak:0.00M | RESTORATION / 03 / Detailed clay, 视图层 | Synchronizing object | halogen tripod leg.005
Fra:1 Mem:341.97M (Peak 341.97M) | Time:00:00.08 | Mem:0.00M, Peak:0.00M | RESTORATION / 03 / Detailed clay, 视图层 | Synchronizing object | halogen head.001
Fra:1 Mem:341.95M (Peak 341.97M) | Time:00:00.08 | Mem:0.00M, Peak:0.00M | RESTORATION / 03 / Detailed clay, 视图层 | Synchronizing object | Cabinet body.008
Fra:1 Mem:341.96M (Peak 341.97M) | Time:00:00.08 | Mem:0.00M, Peak:0.00M | RESTORATION / 03 / Detailed clay, 视图层 | Synchronizing object | Cabinet top.008
Fra:1 Mem:341.96M (Peak 341.97M) | Time:00:00.08 | Mem:0.00M, Peak:0.00M | RESTORATION / 03 / Detailed clay, 视图层 | Synchronizing object | Pull.018
Fra:1 Mem:342.05M (Peak 342.05M) | Time:00:00.08 | Mem:0.00M, Peak:0.00M | RESTORATION / 03 / Detailed clay, 视图层 | Synchronizing object | Pull.019
Fra:1 Mem:342.15M (Peak 342.15M) | Time:00:00.08 | Mem:0.00M, Peak:0.00M | RESTORATION / 03 / Detailed clay, 视图层 | Synchronizing object | Cabinet drawer.028
Fra:1 Mem:342.17M (Peak 342.18M) | Time:00:00.08 | Mem:0.00M, Peak:0.00M | RESTORATION / 03 / Detailed clay, 视图层 | Synchronizing object | Wall calibration rail
Fra:1 Mem:342.30M (Peak 342.30M) | Time:00:00.08 | Mem:0.00M, Peak:0.00M | RESTORATION / 03 / Detailed clay, 视图层 | Synchronizing object | Pull.021
Fra:1 Mem:342.34M (Peak 342.34M) | Time:00:00.08 | Mem:0.00M, Peak:0.00M | RESTORATION / 03 / Detailed clay, 视图层 | Synchronizing object | Cabinet drawer.029
Fra:1 Mem:342.36M (Peak 342.36M) | Time:00:00.08 | Mem:0.00M, Peak:0.00M | RESTORATION / 03 / Detailed clay, 视图层 | Synchronizing object | Pull.023
Fra:1 Mem:342.37M (Peak 342.37M) | Time:00:00.08 | Mem:0.00M, Peak:0.00M | RESTORATION / 03 / Detailed clay, 视图层 | Synchronizing object | Pull.024
Fra:1 Mem:342.44M (Peak 342.44M) | Time:00:00.08 | Mem:0.00M, Peak:0.00M | RESTORATION / 03 / Detailed clay, 视图层 | Synchronizing object | Pull.025
Fra:1 Mem:342.52M (Peak 342.52M) | Time:00:00.08 | Mem:0.00M, Peak:0.00M | RESTORATION / 03 / Detailed clay, 视图层 | Synchronizing object | Cabinet drawer.031
Fra:1 Mem:342.50M (Peak 342.52M) | Time:00:00.08 | Mem:0.00M, Peak:0.00M | RESTORATION / 03 / Detailed clay, 视图层 | Synchronizing object | Pull.026
Fra:1 Mem:342.51M (Peak 342.52M) | Time:00:00.08 | Mem:0.00M, Peak:0.00M | RESTORATION / 03 / Detailed clay, 视图层 | Synchronizing object | Cabinet drawer.032
帧:1 内存:342.52M (峰值 342.52M) | 时间:00:00.08 | Mem:0.00M, Peak:0.00M | RESTORATION / 03 / Detailed clay, 视图层 | Synchronizing object | Pull.028
Fra:1 Mem:342.66M (Peak 342.66M) | Time:00:00.08 | Mem:0.00M, Peak:0.00M | RESTORATION / 03 / Detailed clay, 视图层 | Synchronizing object | Pull.029
Fra:1 Mem:342.62M (Peak 342.66M) | Time:00:00.08 | Mem:0.00M, Peak:0.00M | RESTORATION / 03 / Detailed clay, 视图层 | Synchronizing object | Cabinet body.009
Fra:1 Mem:342.63M (Peak 342.66M) | Time:00:00.08 | Mem:0.00M, Peak:0.00M | RESTORATION / 03 / Detailed clay, 视图层 | Synchronizing object | Pull.030
帧:1 内存:342.62M (峰值 342.66M) | 时间:00:00.08 | Mem:0.00M, Peak:0.00M | RESTORATION / 03 / Detailed clay, 视图层 | Synchronizing object | Calibration rail bracket.002
Fra:1 Mem:342.68M (Peak 342.68M) | Time:00:00.08 | Mem:0.00M, Peak:0.00M | RESTORATION / 03 / Detailed clay, 视图层 | Synchronizing object | Cabinet drawer.034
Fra:1 Mem:342.71M (Peak 342.71M) | Time:00:00.08 | Mem:0.00M, Peak:0.00M | RESTORATION / 03 / Detailed clay, 视图层 | Synchronizing object | Pull.033
Fra:1 Mem:342.72M (Peak 342.72M) | Time:00:00.08 | Mem:0.00M, Peak:0.00M | RESTORATION / 03 / Detailed clay, 视图层 | Synchronizing object | Cabinet drawer.035
Fra:1 Mem:342.69M (Peak 342.72M) | Time:00:00.08 | Mem:0.00M, Peak:0.00M | RESTORATION / 03 / Detailed clay, 视图层 | Synchronizing object | Calibration rail bracket.001
Fra:1 Mem:342.71M (Peak 342.72M) | Time:00:00.08 | Mem:0.00M, Peak:0.00M | RESTORATION / 03 / Detailed clay, 视图层 | Synchronizing object | Pull.034
Fra:1 Mem:342.76M (Peak 342.76M) | Time:00:00.08 | Mem:0.00M, Peak:0.00M | RESTORATION / 03 / Detailed clay, 视图层 | Synchronizing object | Frame rack base.001
Fra:1 Mem:342.86M (Peak 342.86M) | Time:00:00.08 | Mem:0.00M, Peak:0.00M | RESTORATION / 03 / Detailed clay, 视图层 | Synchronizing object | Stored frame rail.004
Fra:1 Mem:342.92M (Peak 342.92M) | Time:00:00.08 | Mem:0.00M, Peak:0.00M | RESTORATION / 03 / Detailed clay, 视图层 | Synchronizing object | Stored frame stile.004
Fra:1 Mem:342.91M (Peak 342.92M) | Time:00:00.08 | Mem:0.00M, Peak:0.00M | RESTORATION / 03 / Detailed clay, 视图层 | Synchronizing object | Stored frame stile.005
Fra:1 Mem:342.91M (Peak 342.92M) | Time:00:00.08 | Mem:0.00M, Peak:0.00M | RESTORATION / 03 / Detailed clay, 视图层 | Synchronizing object | Stored frame rail.006
Fra:1 Mem:342.94M (Peak 342.94M) | Time:00:00.08 | Mem:0.00M, Peak:0.00M | RESTORATION / 03 / Detailed clay, 视图层 | Synchronizing object | Stored frame stile.006
Fra:1 Mem:342.95M (Peak 342.95M) | Time:00:00.08 | Mem:0.00M, Peak:0.00M | RESTORATION / 03 / Detailed clay, 视图层 | Synchronizing object | Stored frame stile.007
Fra:1 Mem:342.97M (Peak 342.97M) | Time:00:00.08 | Mem:0.00M, Peak:0.00M | RESTORATION / 03 / Detailed clay, 视图层 | Synchronizing object | Supply trolley tray.004
帧:1 内存:343.00M (峰值 343.01M) | 时间:00:00.08 | Mem:0.00M, Peak:0.00M | RESTORATION / 03 / Detailed clay, 视图层 | Synchronizing object | Trolley post.004
Fra:1 Mem:342.98M (Peak 343.01M) | Time:00:00.08 | Mem:0.00M, Peak:0.00M | RESTORATION / 03 / Detailed clay, 视图层 | Synchronizing object | Trolley post.007
Fra:1 Mem:342.99M (Peak 343.01M) | Time:00:00.08 | Mem:0.00M, Peak:0.00M | RESTORATION / 03 / Detailed clay, 视图层 | Synchronizing object | Painting frame rail
Fra:1 Mem:343.01M (Peak 343.01M) | Time:00:00.08 | Mem:0.00M, Peak:0.00M | RESTORATION / 03 / Detailed clay, 视图层 | Synchronizing object | Painting frame stile
Fra:1 Mem:343.07M (Peak 343.07M) | Time:00:00.08 | Mem:0.00M, Peak:0.00M | RESTORATION / 03 / Detailed clay, 视图层 | Synchronizing object | Painting frame rail.001
帧:1 内存:343.11M (峰值 343.11M) | 时间:00:00.08 | Mem:0.00M, Peak:0.00M | RESTORATION / 03 / Detailed clay, 视图层 | Synchronizing object | Calibration rail bracket
Fra:1 Mem:343.08M (Peak 343.11M) | Time:00:00.08 | Mem:0.00M, Peak:0.00M | RESTORATION / 03 / Detailed clay, 视图层 | Synchronizing object | Painting frame stile.001
Fra:1 Mem:343.13M (Peak 343.13M) | Time:00:00.08 | Mem:0.00M, Peak:0.00M | RESTORATION / 03 / Detailed clay, 视图层 | Synchronizing object | Bottle cap
Fra:1 Mem:343.13M (Peak 343.15M) | Time:00:00.08 | Mem:0.00M, Peak:0.00M | RESTORATION / 03 / Detailed clay, 视图层 | Synchronizing object | Conservation bottle.001
Fra:1 Mem:343.18M (Peak 343.18M) | Time:00:00.08 | Mem:0.00M, Peak:0.00M | RESTORATION / 03 / Detailed clay, 视图层 | Synchronizing object | Bottle cap.001
Fra:1 Mem:343.16M (Peak 343.18M) | Time:00:00.08 | Mem:0.00M, Peak:0.00M | RESTORATION / 03 / Detailed clay, 视图层 | Synchronizing object | Folded cloth.003
Fra:1 Mem:343.23M (Peak 343.23M) | Time:00:00.08 | Mem:0.00M, Peak:0.00M | RESTORATION / 03 / Detailed clay, 视图层 | Synchronizing object | Trolley supply bottle.001
Fra:1 Mem:343.29M (Peak 343.29M) | Time:00:00.08 | Mem:0.00M, Peak:0.00M | RESTORATION / 03 / Detailed clay, 视图层 | Synchronizing object | Bottle cap.002
Fra:1 Mem:343.29M (Peak 343.29M) | Time:00:00.08 | Mem:0.00M, Peak:0.00M | RESTORATION / 03 / Detailed clay, 视图层 | Synchronizing object | Trolley supply bottle.002
Fra:1 Mem:343.30M (Peak 343.30M) | Time:00:00.08 | Mem:0.00M, Peak:0.00M | RESTORATION / 03 / Detailed clay, 视图层 | Synchronizing object | Conservation bottle.003
Fra:1 Mem:343.35M (Peak 343.35M) | Time:00:00.08 | Mem:0.00M, Peak:0.00M | RESTORATION / 03 / Detailed clay, 视图层 | Synchronizing object | Bottle cap.003
Fra:1 Mem:343.39M (Peak 343.39M) | Time:00:00.08 | Mem:0.00M, Peak:0.00M | RESTORATION / 03 / Detailed clay, 视图层 | Synchronizing object | Trolley supply bottle.003
Fra:1 Mem:343.37M (Peak 343.39M) | Time:00:00.08 | Mem:0.00M, Peak:0.00M | RESTORATION / 03 / Detailed clay, 视图层 | Synchronizing object | Conservation bottle.004
Fra:1 Mem:343.38M (Peak 343.39M) | Time:00:00.08 | Mem:0.00M, Peak:0.00M | RESTORATION / 03 / Detailed clay, 视图层 | Synchronizing object | Trolley supply bottle.004
Fra:1 Mem:343.43M (Peak 343.43M) | Time:00:00.08 | Mem:0.00M, Peak:0.00M | RESTORATION / 03 / Detailed clay, 视图层 | Synchronizing object | Raised scalpel
Fra:1 Mem:343.47M (Peak 343.47M) | Time:00:00.08 | Mem:0.00M, Peak:0.00M | RESTORATION / 03 / Detailed clay, 视图层 | Synchronizing object | Measurement ruler
Fra:1 Mem:343.44M (Peak 343.47M) | Time:00:00.08 | Mem:0.00M, Peak:0.00M | RESTORATION / 03 / Detailed clay, 视图层 | Synchronizing object | Trolley caster.001
Fra:1 Mem:343.44M (Peak 343.47M) | Time:00:00.08 | Mem:0.00M, Peak:0.00M | RESTORATION / 03 / Detailed clay, 视图层 | Synchronizing object | Trolley caster.002
Fra:1 Mem:343.53M (Peak 343.53M) | Time:00:00.08 | Mem:0.00M, Peak:0.00M | RESTORATION / 03 / Detailed clay, 视图层 | Synchronizing object | Trolley caster.003
Fra:1 Mem:343.55M (Peak 343.55M) | Time:00:00.08 | Mem:0.00M, Peak:0.00M | RESTORATION / 03 / Detailed clay, 视图层 | Synchronizing object | Folded cloth
Fra:1 Mem:343.56M (Peak 343.55M) | Time:00:00.08 | Mem:0.00M, Peak:0.00M | RESTORATION / 03 / Detailed clay, 视图层 | Synchronizing object | Folded cloth.001
帧:1 内存:343.59M (峰值 343.59M) | 时间:00:00.08 | Mem:0.00M, Peak:0.00M | RESTORATION / 03 / Detailed clay, 视图层 | Synchronizing object | Folded cloth.002
帧:1 内存:343.88M (峰值 343.88M) | 时间:00:00.08 | Mem:0.00M, Peak:0.00M | RESTORATION / 03 / Detailed clay, 视图层 | Initializing
Fra:1 Mem:330.29M (Peak 343.88M) | Time:00:00.08 | Mem:0.00M, Peak:0.00M | RESTORATION / 03 / Detailed clay, 视图层 | Waiting for render to start
Fra:1 Mem:330.29M (Peak 343.88M) | Time:00:00.08 | Mem:0.00M, Peak:0.00M | RESTORATION / 03 / Detailed clay, 视图层 | Updating Scene
Fra:1 Mem:330.29M (Peak 343.88M) | Time:00:00.08 | Mem:0.00M, Peak:0.00M | RESTORATION / 03 / Detailed clay, 视图层 | Updating Shaders
Fra:1 Mem:330.29M (Peak 343.88M) | Time:00:00.08 | Mem:0.00M, Peak:0.00M | RESTORATION / 03 / Detailed clay, 视图层 | Loading render kernels (may take a few minutes the first time)
Fra:1 Mem:330.38M (Peak 358.40M) | Time:00:00.16 | Mem:0.01M, Peak:0.01M | RESTORATION / 03 / Detailed clay, 视图层 | Updating Procedurals
Fra:1 Mem:330.38M (Peak 358.40M) | Time:00:00.16 | Mem:0.01M, Peak:0.01M | RESTORATION / 03 / Detailed clay, 视图层 | Updating Background
Fra:1 Mem:330.38M (Peak 358.40M) | Time:00:00.16 | Mem:0.01M, Peak:0.01M | RESTORATION / 03 / Detailed clay, 视图层 | Updating Camera
Fra:1 Mem:330.38M (Peak 358.40M) | Time:00:00.16 | Mem:0.01M, Peak:0.01M | RESTORATION / 03 / Detailed clay, 视图层 | Updating Meshes Flags
Fra:1 Mem:330.38M (Peak 358.40M) | Time:00:00.16 | Mem:0.01M, Peak:0.01M | RESTORATION / 03 / Detailed clay, 视图层 | Updating Objects
Fra:1 Mem:330.38M (Peak 358.40M) | Time:00:00.16 | Mem:0.01M, Peak:0.01M | RESTORATION / 03 / Detailed clay, 视图层 | Updating Objects | Copying Transformations to device
Fra:1 Mem:330.45M (Peak 358.40M) | Time:00:00.16 | Mem:0.08M, Peak:0.08M | RESTORATION / 03 / Detailed clay, 视图层 | Updating Particle Systems
Fra:1 Mem:330.45M (Peak 358.40M) | Time:00:00.16 | Mem:0.08M, Peak:0.08M | RESTORATION / 03 / Detailed clay, 视图层 | Updating Particle Systems | Copying Particles to device
Fra:1 Mem:330.45M (Peak 358.40M) | Time:00:00.16 | Mem:0.08M, Peak:0.08M | RESTORATION / 03 / Detailed clay, 视图层 | Updating Meshes
Fra:1 Mem:330.45M (Peak 358.40M) | Time:00:00.16 | Mem:0.08M, Peak:0.08M | RESTORATION / 03 / Detailed clay, 视图层 | Updating Objects | Applying Static Transformations
Fra:1 Mem:330.45M (Peak 358.40M) | Time:00:00.16 | Mem:0.08M, Peak:0.08M | RESTORATION / 03 / Detailed clay, 视图层 | Updating Mesh | Computing attributes
Fra:1 Mem:331.02M (Peak 358.40M) | Time:00:00.16 | Mem:0.10M, Peak:0.10M | RESTORATION / 03 / Detailed clay, 视图层 | Updating Mesh | Copying Attributes to device
Fra:1 Mem:330.99M (Peak 358.40M) | Time:00:00.16 | Mem:0.62M, Peak:0.62M | RESTORATION / 03 / Detailed clay, 视图层 | Updating Scene BVH | Building
Fra:1 Mem:330.99M (Peak 358.40M) | Time:00:00.16 | Mem:0.62M, Peak:0.62M | RESTORATION / 03 / Detailed clay, 视图层 | Updating Scene BVH | Building BVH
Fra:1 Mem:332.48M (Peak 358.40M) | Time:00:00.17 | Mem:0.62M, Peak:0.62M | RESTORATION / 03 / Detailed clay, 视图层 | Updating Scene BVH | Packing BVH triangles and strands
Fra:1 Mem:332.58M (Peak 358.40M) | Time:00:00.17 | Mem:0.62M, Peak:0.62M | RESTORATION / 03 / Detailed clay, 视图层 | Updating Scene BVH | Packing BVH nodes
Fra:1 Mem:332.60M (Peak 358.40M) | Time:00:00.17 | Mem:0.62M, Peak:0.62M | RESTORATION / 03 / Detailed clay, 视图层 | Updating Scene BVH | Copying BVH to device
Fra:1 Mem:332.60M (Peak 358.40M) | Time:00:00.17 | Mem:1.42M, Peak:1.42M | RESTORATION / 03 / Detailed clay, 视图层 | Updating Mesh | Computing normals
Fra:1 Mem:334.04M (Peak 358.40M) | Time:00:00.17 | Mem:1.42M, Peak:1.42M | RESTORATION / 03 / Detailed clay, 视图层 | Updating Mesh | Copying Mesh to device
Fra:1 Mem:334.04M (Peak 358.40M) | Time:00:00.17 | Mem:2.85M, Peak:2.85M | RESTORATION / 03 / Detailed clay, 视图层 | Updating Objects Flags
Fra:1 Mem:334.04M (Peak 358.40M) | Time:00:00.17 | Mem:2.86M, Peak:2.86M | RESTORATION / 03 / Detailed clay, 视图层 | Updating Primitive Offsets
Fra:1 Mem:334.04M (Peak 358.40M) | Time:00:00.17 | Mem:2.86M, Peak:2.86M | RESTORATION / 03 / Detailed clay, 视图层 | Updating Images
Fra:1 Mem:334.04M (Peak 358.40M) | Time:00:00.17 | Mem:2.86M, Peak:2.86M | RESTORATION / 03 / Detailed clay, 视图层 | Updating Camera Volume
Fra:1 Mem:334.04M (Peak 358.40M) | Time:00:00.17 | Mem:2.86M, Peak:2.86M | RESTORATION / 03 / Detailed clay, 视图层 | Updating Lookup Tables
Fra:1 Mem:334.04M (Peak 358.40M) | Time:00:00.17 | Mem:2.94M, Peak:2.94M | RESTORATION / 03 / Detailed clay, 视图层 | Updating Lights
Fra:1 Mem:334.04M (Peak 358.40M) | Time:00:00.17 | Mem:2.94M, Peak:2.94M | RESTORATION / 03 / Detailed clay, 视图层 | Updating Lights | Computing tree
Fra:1 Mem:334.04M (Peak 358.40M) | Time:00:00.17 | Mem:2.94M, Peak:2.94M | RESTORATION / 03 / Detailed clay, 视图层 | Updating Integrator
Fra:1 Mem:334.04M (Peak 358.40M) | Time:00:00.17 | Mem:2.94M, Peak:2.94M | RESTORATION / 03 / Detailed clay, 视图层 | Updating Film
Fra:1 Mem:334.05M (Peak 358.40M) | Time:00:00.17 | Mem:2.86M, Peak:2.94M | RESTORATION / 03 / Detailed clay, 视图层 | Updating Lookup Tables
Fra:1 Mem:334.05M (Peak 358.40M) | Time:00:00.17 | Mem:2.95M, Peak:2.95M | RESTORATION / 03 / Detailed clay, 视图层 | Updating Baking
Fra:1 Mem:334.05M (Peak 358.40M) | Time:00:00.17 | Mem:2.95M, Peak:2.95M | RESTORATION / 03 / Detailed clay, 视图层 | Updating Device | Writing constant memory
Fra:1 Mem:334.05M (Peak 358.40M) | Time:00:00.17 | Mem:2.95M, Peak:2.95M | RESTORATION / 03 / Detailed clay, 视图层 | Loading denoising kernels (may take a few minutes the first time)
Fra:1 Mem:341.74M (Peak 358.40M) | Time:00:00.19 | Mem:679.45M, Peak:679.45M | RESTORATION / 03 / Detailed clay, 视图层 | Sample 0/40
Fra:1 Mem:406.98M (Peak 406.98M) | Time:00:00.20 | Remaining:00:00.61 | Mem:744.68M, Peak:744.68M | RESTORATION / 03 / Detailed clay, 视图层 | Sample 1/40
Fra:1 Mem:434.45M (Peak 475.65M) | Time:00:01.72 | Mem:744.69M, Peak:744.69M | RESTORATION / 03 / Detailed clay, 视图层 | Sample 40/40
Fra:1 Mem:434.45M (Peak 475.65M) | Time:00:01.72 | Mem:744.69M, Peak:744.69M | RESTORATION / 03 / Detailed clay, 视图层 | Finished
Saved: 'E:\GodotProject\悬疑建造\design\presentation\process\renders\restoration-stage-3.png'
Time: 00:01.86 (Saving: 00:00.06)

PROCESS_RENDER_DONE restoration-stage-3
PROCESS_WHITEBOX_COMPLETE

Blender quit
